Species,GrowthForm,kl,ksat,Al.As,ax,p50,p12,p88,Pmd,Ppd,wd,sla,MAP,MAT,Reference,Biome,Long,Lat,Method,Maximal Vessel Length (m),Note,Id
bursera simaruba,Tree,0.000214,3.55,1.658878505,NA,NA,NA,NA,NA,NA,0.305,15.31087462,1922.3,25.988,Brodribb et al. 2002,Tropical seasonal forest,-85.60194444,10.90555556,NA,NA,,
byrsonima crassifolia,Tree,0.000225,2.1,0.933333333,NA,NA,NA,NA,NA,NA,0.584,NA,1922.3,25.988,Brodribb et al. 2002,Tropical seasonal forest,-85.60194444,10.90555556,NA,NA,,
calycophyllum candidissimum,Tree,0.000137,1.11,0.810218978,NA,NA,NA,NA,NA,NA,0.696666667,NA,1922.3,25.988,Brodribb et al. 2002,Tropical seasonal forest,-85.60194444,10.90555556,NA,NA,,
curatella americana,Tree,0.000127,1.25,0.984251969,NA,NA,NA,NA,NA,NA,0.65,NA,1922.3,25.988,Brodribb et al. 2002,Tropical seasonal forest,-85.60194444,10.90555556,NA,NA,,
enterolobium cyclocarpum,Tree,0.000426,3.5,0.821596244,NA,NA,NA,NA,NA,NA,0.39,NA,1922.3,25.988,Brodribb et al. 2002,Tropical seasonal forest,-85.60194444,10.90555556,NA,NA,,
gliricidia sepium,Tree,0.000275,3.65,1.327272727,NA,NA,NA,NA,NA,NA,0.6175,NA,1922.3,25.988,Brodribb et al. 2002,Tropical seasonal forest,-85.60194444,10.90555556,NA,NA,,
hymenaea courbaril,Tree,0.000169,2.4,1.420118343,NA,NA,NA,NA,NA,NA,0.79235,NA,1922.3,25.988,Brodribb et al. 2002,Tropical seasonal forest,-85.60194444,10.90555556,NA,NA,,
manilkara chicle,Tree,4.80E-05,0.45,0.9375,NA,NA,NA,NA,NA,NA,1.04,NA,1922.3,25.988,Brodribb et al. 2002,Tropical seasonal forest,-85.60194444,10.90555556,NA,NA,,
quercus oleoides,Tree,0.000199,2.1,1.055276382,NA,NA,NA,NA,NA,NA,0.86,NA,1922.3,25.988,Brodribb et al. 2002,Tropical seasonal forest,-85.60194444,10.90555556,NA,NA,,
rehdera trinervis,Tree,0.000262,1.72,0.65648855,NA,NA,NA,NA,NA,NA,NA,NA,1922.3,25.988,Brodribb et al. 2002,Tropical seasonal forest,-85.60194444,10.90555556,NA,NA,,
simarouba amara,Tree,0.000366,1.2,0.327868852,NA,NA,NA,NA,NA,NA,0.383333333,NA,1922.3,25.988,Brodribb et al. 2002,Tropical seasonal forest,-85.60194444,10.90555556,NA,NA,,
swietenia macrophylla,Tree,0.000144,1.2,0.833333333,NA,NA,NA,NA,NA,NA,0.519545455,NA,1922.3,25.988,Brodribb et al. 2002,Tropical seasonal forest,-85.60194444,10.90555556,NA,NA,,
bursera simaruba,Tree,NA,NA,NA,54.28571429,-1,-0.3,-1.7,-1.02,NA,0.305,15.31087462,1922.3,25.988,Brodribb et al. 2003,Tropical seasonal forest,-85.60194444,10.90555556,Bench dehydration,NA,,
calycophyllum candidissimum,Tree,NA,NA,NA,26.57342657,-2.87,-1.2,-4.3,-1.36,NA,0.696666667,NA,1922.3,25.988,Brodribb et al. 2003,Tropical seasonal forest,-85.60194444,10.90555556,Bench dehydration,NA,,
enterolobium cyclocarpum,Tree,NA,NA,NA,49.35064935,-2.73,-2,-3.5,-1.93,NA,0.39,NA,1922.3,25.988,Brodribb et al. 2003,Tropical seasonal forest,-85.60194444,10.90555556,Bench dehydration,NA,,
hymenaea courbaril,Tree,NA,NA,NA,42.22222222,-3,-2.1,-3.9,-3.11,NA,0.79235,NA,1922.3,25.988,Brodribb et al. 2003,Tropical seasonal forest,-85.60194444,10.90555556,Bench dehydration,NA,,
quercus oleoides,Tree,NA,NA,NA,43.67816092,-3.03,-2.1,-3.9,-3.47,NA,0.86,NA,1922.3,25.988,Brodribb et al. 2003,Tropical seasonal forest,-85.60194444,10.90555556,Bench dehydration,NA,,
rehdera trinervis,Tree,NA,NA,NA,20,-2.8,-0.7,-4.7,-2.96,NA,NA,NA,1922.3,25.988,Brodribb et al. 2003,Tropical seasonal forest,-85.60194444,10.90555556,Bench dehydration,NA,,
simarouba glauca,Tree,NA,NA,NA,54.28571429,-2,-1.5,-2.7,-2.01,NA,0.383333333,NA,1922.3,25.988,Brodribb et al. 2003,Tropical seasonal forest,-85.60194444,10.90555556,Bench dehydration,NA,,
swietenia macrophylla,Tree,NA,NA,NA,42.22222222,-2.2,-1.3,-3.1,-2.8,NA,0.519545455,NA,1922.3,25.988,Brodribb et al. 2003,Tropical seasonal forest,-85.60194444,10.90555556,Bench dehydration,NA,,
erythroxylum suberosum,Tree,0.000578,0.41,0.070934256,NA,NA,NA,NA,-1.8,-0.56,0.633,3.91,1500,21,Bucci et al. 2004,Tropical seasonal forest,-47.88333333,-15.93333333,NA,NA,,
kielmeyera coriacea,Tree,0.001841,0.93,0.050516024,NA,NA,NA,NA,-1.45,-0.338,0.455,7.38,1500,21,Bucci et al. 2004,Tropical seasonal forest,-47.88333333,-15.93333333,NA,NA,,
blepharocalyx salicifolius,Tree,0.00067,4.73,0.705970149,20.10582011,-2.17,NA,-4.06,-2.38,-0.754166667,0.33,15.8,1500,21,Bucci et al. 2006,Tropical seasonal forest,-47.88333333,-15.93333333,Bench dehydration,NA,,
blepharocalyx salicifolius,Tree,0.000682,5.37,0.787390029,17.9245283,-2.3,-0.23,-4.42,-2.18,-0.9,0.31,15.2,1500,21,Bucci et al. 2006,Tropical seasonal forest,-47.88333333,-15.93333333,Bench dehydration,NA,,
blepharocalyx salicifolius,Tree,0.000757,2.05,0.270805812,14.78599222,-1.93,NA,-4.5,-1.64,-0.775,0.53,10.2,1500,21,Bucci et al. 2006,Tropical seasonal forest,-47.88333333,-15.93333333,Bench dehydration,NA,,
blepharocalyx salicifolius,Tree,0.000776,2.28,0.293814433,16.10169492,-1.72,-0.21,-4.08,-1.63,-0.820833333,0.49,11.7,1500,21,Bucci et al. 2006,Tropical seasonal forest,-47.88333333,-15.93333333,Bench dehydration,NA,,
caryocar brasiliense,Tree,0.000756,3.5,0.462962963,52.77777778,-2.03,-0.44,-2.75,-1.67,-0.588888889,0.35,14.9,1500,21,Bucci et al. 2006,Tropical seasonal forest,-47.88333333,-15.93333333,Bench dehydration,NA,,
caryocar brasiliense,Tree,0.000877,3.88,0.442417332,21.46892655,-1.97,NA,-3.74,-1.33,-0.588888889,0.38,17.4,1500,21,Bucci et al. 2006,Tropical seasonal forest,-47.88333333,-15.93333333,Bench dehydration,NA,,
caryocar brasiliense,Tree,0.001078,2.67,0.247680891,14.96062992,-1.48,-0.46,-4.02,-1.01,-0.6125,0.35,14.5,1500,21,Bucci et al. 2006,Tropical seasonal forest,-47.88333333,-15.93333333,Bench dehydration,NA,,
caryocar brasiliense,Tree,0.001187,2.78,0.234203875,15.57377049,-1.62,-0.29,-4.06,-1,-0.736111111,0.34,10.8,1500,21,Bucci et al. 2006,Tropical seasonal forest,-47.88333333,-15.93333333,Bench dehydration,NA,,
ouratea hexasperma,Tree,0.000629,1.69,0.268680445,11.9873817,-2.03,NA,-5.2,-2.22,-0.683333333,0.41,8.1,1500,21,Bucci et al. 2006,Tropical seasonal forest,-47.88333333,-15.93333333,Bench dehydration,0.25,,
ouratea hexasperma,Tree,0.000674,1.62,0.240356083,10.21505376,-1.87,-0.77,-5.59,-2.14,-0.916666667,0.42,10.5,1500,21,Bucci et al. 2006,Tropical seasonal forest,-47.88333333,-15.93333333,Bench dehydration,0.25,,
ouratea hexasperma,Tree,0.000987,1.11,0.112462006,12.7090301,-1.48,NA,-4.47,-1.63,-0.836111111,0.42,7.5,1500,21,Bucci et al. 2006,Tropical seasonal forest,-47.88333333,-15.93333333,Bench dehydration,0.25,,
ouratea hexasperma,Tree,0.000824,0.96,0.116504854,12.17948718,-1.48,-0.3,-4.6,-1.61,-0.922222222,0.46,7.64,1500,21,Bucci et al. 2006,Tropical seasonal forest,-47.88333333,-15.93333333,Bench dehydration,0.25,,
qualea parviflora,Tree,0.000575,1.26,0.219130435,13.62007168,-2.23,NA,-5.02,-2.21,-0.616666667,0.46,7.9,1500,21,Bucci et al. 2006,Tropical seasonal forest,-47.88333333,-15.93333333,Bench dehydration,NA,,
qualea parviflora,Tree,0.000364,1.7,0.467032967,12.79461279,-2.5,NA,-5.47,-2.11,-0.672222222,0.45,7.9,1500,21,Bucci et al. 2006,Tropical seasonal forest,-47.88333333,-15.93333333,Bench dehydration,NA,,
qualea parviflora,Tree,0.00058,0.94,0.162068966,11.01449275,-1.65,NA,-5.1,-1.39,-0.927777778,0.48,6,1500,21,Bucci et al. 2006,Tropical seasonal forest,-47.88333333,-15.93333333,Bench dehydration,NA,,
qualea parviflora,Tree,0.000857,1.15,0.134189032,10.38251366,-1.72,NA,-5.38,-1.35,-0.688888889,0.48,5.7,1500,21,Bucci et al. 2006,Tropical seasonal forest,-47.88333333,-15.93333333,Bench dehydration,NA,,
schefflera macrocarpa,Tree,0.00055,3.23,0.587272727,21.34831461,-2.17,-0.31,-3.95,-1.86,-0.833333333,0.46,5.8,1500,21,Bucci et al. 2006,Tropical seasonal forest,-47.88333333,-15.93333333,Bench dehydration,0.55,,
schefflera macrocarpa,Tree,0.000389,2.67,0.686375321,25,-2.43,NA,-3.95,-1.8,-0.772222222,0.56,5.4,1500,21,Bucci et al. 2006,Tropical seasonal forest,-47.88333333,-15.93333333,Bench dehydration,0.55,,
schefflera macrocarpa,Tree,0.000712,0.96,0.134831461,14.23220974,-1.77,-0.25,-4.44,-1.34,-0.745833333,0.59,2.9,1500,21,Bucci et al. 2006,Tropical seasonal forest,-47.88333333,-15.93333333,Bench dehydration,0.55,,
schefflera macrocarpa,Tree,0.000666,2.14,0.321321321,17.04035874,-1.72,-0.27,-3.95,-1.24,-0.7,0.56,3.76,1500,21,Bucci et al. 2006,Tropical seasonal forest,-47.88333333,-15.93333333,Bench dehydration,0.55,,
erythroxylum suberosum,Tree,0.000578,NA,NA,NA,NA,NA,NA,-1.73,NA,NA,NA,1500,21,Bucci et al. 2008,Tropical seasonal forest,-47.88333333,-15.93333333,NA,NA,,
kielmeyera coriacea,Tree,0.00184,NA,NA,NA,-1.91,NA,NA,-1.56,NA,NA,4.897788194,1500,21,Bucci et al. 2008,Tropical seasonal forest,-47.88333333,-15.93333333,Bench dehydration,NA,,
styrax ferrugineus,Tree,0.0012,NA,NA,NA,-3.35,NA,NA,-1.65,NA,NA,NA,1500,21,Bucci et al. 2008,Tropical seasonal forest,-47.88333333,-15.93333333,Bench dehydration,NA,,
fridericia caudigera,Liana,NA,16.1,NA,26.45250573,-2.495116537,-0.61209061,-4.378142464,-2.6,-0.5,0.51,NA,698,27,Carvalho et al. 2015,Tropical seasonal forest,-40.92805556,-5.11694444,Bench dehydration,0.58,,9
fridericia chica,Liana,NA,6.79,NA,26.18193127,-2.098176584,-0.195690721,-4.000662447,-2.3,-0.35,0.52,NA,979,26,Carvalho et al. 2015,Tropical seasonal forest,-40.92805556,-5.11694444,Bench dehydration,0.26,,11
fridericia dispar,Liana,NA,5.2,NA,26.92037519,-1.89326114,-0.042961738,-3.743560543,-1.8,-0.2,0.49,NA,979,26,Carvalho et al. 2015,Tropical seasonal forest,-40.92805556,-5.11694444,Bench dehydration,0.63,,10
adansonia rubrostipa,Tree,NA,NA,NA,NA,-1.1,NA,-2.82,-0.95,NA,NA,NA,770,21.81,Chapotin et al. 2006,Tropical seasonal forest,44.8167,-20.45,Pressure sleeve,NA,,
adansonia za,Tree,NA,NA,NA,NA,-1.7,NA,-3.49,-0.97,NA,NA,NA,770,21.81,Chapotin et al. 2006,Tropical seasonal forest,44.8167,-20.45,Pressure sleeve,NA,,
hevea brasiliensis,Tree,NA,NA,NA,NA,-1.27,NA,NA,NA,NA,0.466625,NA,1560,21.7,"Chen et al. 2009a, b",Tropical rainforest,101.7666667,21.9,Bench dehydration,NA,,
macaranga denticulata,Tree,0.000364,4.41,1.211538462,52.77777778,-1.14,-0.42,-1.86,NA,NA,0.41,NA,1560,21.7,"Chen et al. 2009a, b",Tropical seasonal forest,101.7666667,21.9,Bench dehydration,NA,,
ventilago calyculata,Liana,NA,4,NA,79.54042783,-0.761408563,-0.135176652,-1.387640474,NA,NA,NA,17.05,1500,22.9,Chen et al. 2014,Tropical rainforest,101.7666667,21.9,Pressure sleeve,0.62,Juvenile stage,13
ventilago calyculata,Liana,NA,8,NA,35.6907619,-1.208016385,-0.382587892,-3.814296312,NA,NA,NA,17.05,1500,22.9,Chen et al. 2014,Tropical rainforest,101.7666667,21.9,Pressure sleeve,1.73,Mature stage,15
ziziphus attopensis,Liana,NA,0.5,NA,60.86877569,-0.775708017,-0.224285464,-1.762413943,NA,NA,NA,27.03,1500,22.9,Chen et al. 2014,Tropical rainforest,101.7666667,21.9,Pressure sleeve,0.34,Juvenile stage,12
ziziphus attopensis,Liana,NA,1.5,NA,45.41765314,-0.780015402,-0.191192643,-3.182256482,NA,NA,NA,27.03,1500,22.9,Chen et al. 2014,Tropical rainforest,101.7666667,21.9,Pressure sleeve,1.1,Mature stage,14
byttneria integrifolia,Liana,NA,NA,NA,NA,-0.9,NA,NA,-1.3,-0.28,NA,NA,1500,22.9,Chen et al. 2015,Tropical rainforest,101.7666667,21.9,Bench dehydration,NA,,
byttneria integrifolia,Liana,NA,NA,NA,NA,-0.9,NA,NA,-3.18,-0.28,NA,NA,1500,22.9,Chen et al. 2015,Tropical rainforest,101.7666667,21.9,Bench dehydration,NA,,
celastrus paniculatus,Liana,NA,NA,NA,NA,-1.42,NA,NA,-3.23,-0.34,0.46,11.431,1500,22.9,Chen et al. 2015,Tropical rainforest,101.7666667,21.9,Bench dehydration,3.01,,
combretum latifolium,Liana,NA,NA,NA,NA,-1.5,-0.19,-3.66,-2.02,-0.13,NA,NA,1500,22.9,Chen et al. 2015,Tropical rainforest,101.7666667,21.9,Bench dehydration,NA,,
millettia pachycarpa,Liana,NA,NA,NA,NA,-1.15,-0.04,-2.69,-1.22,-0.21,NA,NA,1500,22.9,Chen et al. 2015,Tropical rainforest,101.7666667,21.9,Bench dehydration,NA,,
uncaria macrophylla,Liana,NA,NA,NA,NA,-1,NA,NA,-1.73,-0.19,NA,NA,1500,22.9,Chen et al. 2015,Tropical rainforest,101.7666667,21.9,Bench dehydration,NA,,
uncaria macrophylla,Liana,NA,NA,NA,NA,-1,NA,NA,-2.95,-0.15,NA,NA,1500,22.9,Chen et al. 2015,Tropical rainforest,101.7666667,21.9,Bench dehydration,NA,,
ventilago calyculata,Liana,NA,NA,NA,NA,-1,-0.4,-2.82,-2.87,-0.41,0.48,12.857,1500,22.9,Chen et al. 2015,Tropical rainforest,101.7666667,21.9,Bench dehydration,1.1,,
ziziphus attopensis,Liana,NA,NA,NA,NA,-0.9,-0.2,-2.5,-2.72,-0.17,NA,NA,1500,22.9,Chen et al. 2015,Tropical rainforest,101.7666667,21.9,Bench dehydration,NA,,
ziziphus attopensis,Liana,NA,NA,NA,NA,-0.9,-0.2,-2.5,-2.43,-0.35,NA,NA,1500,22.9,Chen et al. 2015,Tropical rainforest,101.7666667,21.9,Bench dehydration,NA,,
celastrus paniculatus,Liana,NA,8.62,NA,46.96569842,-1.389333404,-0.328756094,-2.449910715,-3,-0.3,0.46,11.43,1560,21.7,Chen et al. 2017,Tropical rainforest,101.7666667,21.9,Bench dehydration,3.01,,27
celtis tetrandra,Tree,NA,6.21,NA,NA,-1.53,NA,NA,NA,NA,0.53,11.04,1560,21.7,Chen et al. 2017,Tropical rainforest,101.7666667,21.9,Bench dehydration,1.2,,
ficus concinna,Tree,NA,3.95,NA,NA,-1.43,NA,NA,NA,NA,0.51,13.29,1560,21.7,Chen et al. 2017,Tropical rainforest,101.7666667,21.9,Pressure sleeve,0.61,,
harpullia cupanioides,Tree,NA,2.2,NA,NA,-2.51,NA,NA,NA,NA,0.44,12.5,1560,21.7,Chen et al. 2017,Tropical rainforest,101.7666667,21.9,Bench dehydration,1.92,,
marsdenia sinensis,Liana,NA,10.57,NA,71.54455989,-1.014259382,-0.510546662,-2.014942355,-2.8,-0.1,0.36,13.2,1560,21.7,Chen et al. 2017,Tropical rainforest,101.7666667,21.9,Bench dehydration,2.35,,28
michelia hypolampra,Tree,NA,1.69,NA,NA,-2.25,NA,NA,NA,NA,NA,NA,1560,21.7,Chen et al. 2017,Tropical rainforest,101.7666667,21.9,Bench dehydration,0.74,,
streblus asper,Tree,NA,1.86,NA,NA,-2.93,NA,NA,NA,NA,0.55,12.08,1560,21.7,Chen et al. 2017,Tropical rainforest,101.7666667,21.9,Pressure sleeve,0.72,,
ventilago calyculata,Liana,NA,4.8,NA,42.72644003,-1.470718392,-0.665692676,-3.249266013,-3,-0.65,0.48,12.86,1560,21.7,Chen et al. 2017,Tropical rainforest,101.7666667,21.9,Bench dehydration,1.1,,29
alphitonia excelsa,Tree,0.001003,4.89,0.487537388,10.88825215,-5.56,-2.1,-9.05,-4.47,-4.18,0.67,9.44,1132,18.5,Choat et al. 2005,Tropical seasonal forest,145.75,-19.18333333,Bench dehydration,0.2,,
austromyrtus bidwillii,Tree,NA,NA,NA,NA,-5.12,NA,-12,-6.07,NA,NA,NA,1132,18.5,Choat et al. 2005,Tropical seasonal forest,145.75,-19.1833,Bench dehydration,0.37,,
brachychiton australis,Tree,0.002019,6.46,0.319960376,19.19191919,-3.17,-1.2,-5.15,-1.89,-0.37,0.25,13.44,1132,18.5,Choat et al. 2005,Tropical seasonal forest,145.75,-19.18333333,Bench dehydration,0.33,,
cochlospermum gillivraei,Tree,0.003982,7.75,0.194625816,62.29508197,-1.44,-0.85,-2.05,-1.41,-0.44,0.3,16.5,1132,18.5,Choat et al. 2005,Tropical seasonal forest,145.75,-19.18333333,Bench dehydration,0.34,,
gossia bidwillii,Tree,0.00018,1.24,0.688888889,5.523255814,-5.12,NA,-12,-6.07,-4.47,0.71,11.61,1132,18.5,Choat et al. 2005,Tropical seasonal forest,145.75,-19.18333333,Bench dehydration,NA,,
cordia alliodora,Tree,0.001258637,9.562827947,0.759776484,15.70247934,-3.6,-1.05,-6.02,-3.158333333,-2.133333333,0.520307692,10.13067281,1460,26.491,Choat et al. 2007,Tropical seasonal forest,-85.35,10.35,Bench dehydration,NA,,
cordia alliodora,Tree,0.001203539,10.99587564,0.913628527,17.11711712,-2.93,-0.75,-5.15,-1.6125,-0.5625,0.520307692,11.44952373,2600,26.27266667,Choat et al. 2007,Tropical rainforest,-79.846036,9.166666667,Bench dehydration,NA,,
cordia alliodora,Tree,0.001022978,8.931733887,0.873111043,20.32085561,-1.78,NA,-3.65,NA,-0.125,0.520307692,11.62621607,4200,25.98566667,Choat et al. 2007,Tropical rainforest,-84,10.41666667,Bench dehydration,NA,,
cordia collococa,Tree,NA,NA,NA,NA,-2.34,NA,-4.05,-1.91,NA,NA,NA,1460,25.95,Choat et al. 2007,Tropical seasonal forest,-85.35,10.35,Bench dehydration,NA,,
cordia cymosa,Tree,0.000807631,7.806902666,0.966642274,28.14814815,-1.2,NA,-2.55,NA,-0.2375,NA,13.69162853,4200,25.98566667,Choat et al. 2007,Tropical rainforest,-84,10.41666667,Bench dehydration,NA,,
cordia inermis,Tree,0.000248493,1.842397477,0.741428321,NA,NA,NA,NA,-1.15,NA,NA,32.62398287,1460,26.491,Choat et al. 2007,Tropical seasonal forest,-85.35,10.35,NA,NA,,
cordia lasiocalyx,Tree,0.000191891,3.764341188,1.961708047,22.35294118,-2.57,-0.9,-4.27,-1.0125,-0.5525,0.397,17.85176439,2600,26.27266667,Choat et al. 2007,Tropical rainforest,-79.846036,9.166666667,Bench dehydration,NA,,
cordia lucidula,Tree,0.000288741,3.323462731,1.15101864,27.3381295,-1.58,-0.23,-2.97,NA,-0.2875,NA,17.82559317,4200,25.98566667,Choat et al. 2007,Tropical rainforest,-84,10.41666667,Bench dehydration,NA,,
cordia nodosa,Tree,0.000404829,3.71533023,0.917752985,22.22222222,-2.34,-0.65,-4.05,-1.911111111,-0.941666667,0.39,7.565508966,1460,26.491,Choat et al. 2007,Tropical seasonal forest,-85.35,10.35,Bench dehydration,NA,,
cordia panamensis,Tree,0.000731387,11.63171081,1.590363352,29.6875,-2.33,-1.07,-3.61,-1.8375,-0.1625,NA,11.03015463,2600,26.27266667,Choat et al. 2007,Tropical rainforest,-79.846036,9.166666667,Bench dehydration,NA,,
araucaria hunsteinii,Tree,NA,NA,NA,44.84,-4.07,-3.222542373,-4.917457627,NA,NA,0.5683735,NA,2654,26.555,Cochard 2006,Tropical rainforest,-52.68,5.1806,Centrifugation,NA,,
anacardium excelsum,Tree,0.00047,4.52,0.961702128,NA,-0.9,NA,NA,-0.58,-0.33,0.35,8.47,1865,27,De Guzman et al. 2016,Tropical rainforest,-79.55,8.98333333,Centrifugation,0.487,,
annona spraguei,Tree,0.00072,8.68,1.205555556,NA,-0.17,NA,NA,-1.12,-0.22,0.27,15.3,1865,27,De Guzman et al. 2016,Tropical rainforest,-79.55,8.98333333,Centrifugation,NA,,
antirrhea trichantha,Tree,0.00054,4.25,0.787037037,NA,-1.19,NA,NA,-1.24,-0.21,0.37,15.7,1865,27,De Guzman et al. 2016,Tropical rainforest,-79.55,8.98333333,Centrifugation,NA,,
arrabidaea pattellifera,Liana,0.00167,12.2,0.730538922,101.2859063,-0.185349992,-0.008177581,-1.460125548,-1.35,-0.22,0.41,14.8,1865,27,De Guzman et al. 2016,Tropical rainforest,-79.55,8.98333333,Centrifugation,NA,,1
astronium graveolens,Tree,0.00049,3.19,0.651020408,NA,-0.48,NA,NA,-0.73,-0.38,0.41,14.1,1865,27,De Guzman et al. 2016,Tropical rainforest,-79.55,8.98333333,Centrifugation,NA,,
combretum fruticosum,Liana,0.00118,5.73,0.48559322,115.2020172,-0.246358098,-0.043392328,-1.398687644,-1.37,-0.39,0.54,15.9,1865,27,De Guzman et al. 2016,Tropical rainforest,-79.55,8.98333333,Centrifugation,NA,,2
cordia alliodora,Tree,0.00178,14.8,0.831460674,NA,-0.4,NA,NA,-1.26,-0.3,0.37,NA,1865,27,De Guzman et al. 2016,Tropical rainforest,-79.55,8.98333333,Centrifugation,NA,,
doliocarpus dentatus,Liana,0.00029,5.85,2.017241379,67.39737355,-0.274585248,-0.011581202,-2.228478498,-1.17,-0.34,0.4,13.7,1865,27,De Guzman et al. 2016,Tropical rainforest,-79.55,8.98333333,Centrifugation,NA,,3
hiraea reclinata,Liana,0.00054,2.91,0.538888889,87.39726241,-0.711152541,-0.319086627,-1.584954975,-1.63,-0.35,0.65,10.5,1865,27,De Guzman et al. 2016,Tropical rainforest,-79.55,8.98333333,Centrifugation,NA,,4
luehea seemannii,Tree,0.00022,1.26,0.572727273,NA,-0.87,NA,NA,-1.01,-0.34,0.27,16.1,1865,27,De Guzman et al. 2016,Tropical rainforest,-79.55,8.98333333,Centrifugation,NA,,
mikania leiostacya,Liana,0.00077,10.1,1.311688312,81.6241716,-0.302085445,-0.02806726,-1.454171836,-1.02,-0.26,0.22,21.2,1865,27,De Guzman et al. 2016,Tropical rainforest,-79.55,8.98333333,Centrifugation,NA,,6
serjania mexicana,Liana,0.00152,27.82,1.830263158,136.3773615,-0.214504378,-0.039079754,-1.177390439,-1.34,-0.38,0.33,12.9,1865,27,De Guzman et al. 2016,Tropical rainforest,-79.55,8.98333333,Centrifugation,NA,,5
blepharocalyx salicifolius,Tree,NA,21,NA,26.38888889,-1.4,-0.42,-2.84,-2.6,NA,0.55,NA,1500,21,Domec et al. 2006a,Tropical seasonal forest,-47.88333333,-15.93333333,Pressure sleeve,NA,,
byrsonima crassa,Tree,NA,49,NA,24.35897436,-0.9,-0.29,-2.46,-2,NA,0.52,NA,1500,21,Domec et al. 2006a,Tropical seasonal forest,-47.88333333,-15.93333333,Pressure sleeve,NA,,
kielmeyera coriacea,Tree,NA,32,NA,39.58333333,-0.8,-0.14,-1.76,-2.4,NA,0.66,4.897788194,1500,21,Domec et al. 2006a,Tropical seasonal forest,-47.88333333,-15.93333333,Pressure sleeve,NA,,
qualea parviflora,Tree,NA,47,NA,19.79166667,-1,-0.26,-2.92,-1.1,NA,0.28,NA,1500,21,Domec et al. 2006a,Tropical seasonal forest,-47.88333333,-15.93333333,Pressure sleeve,NA,,
laguncularia racemosa,Tree,NA,NA,NA,NA,-3.4,NA,NA,NA,NA,0.61,NA,1350,25,Ewers et al. 2004,Tropical seasonal forest,-96.3859,19.5653,Bench dehydration,2,,
gnetum,Liana,8.50E-05,1.8,2.117647059,NA,NA,NA,NA,NA,NA,NA,NA,3558,26.5,Feild and Balun 2008,Tropical rainforest,145.6833333,-5.133333333,NA,NA,,
gnetum costatum,Tree,0.000125,1.12,0.896,NA,-3.1,NA,NA,NA,NA,NA,NA,3558,26.5,Feild and Balun 2008,Tropical rainforest,145.6833333,-5.133333333,NA,NA,,
gnetum gnemon,Tree,0.000127,1.1,0.866141732,NA,-4.620333333,NA,NA,NA,NA,0.61,NA,3558,26.5,Feild and Balun 2008,Tropical rainforest,145.6833333,-5.133333333,NA,NA,,
gnetum latifolium,Liana,0.000101,1.65,1.633663366,NA,NA,NA,NA,NA,NA,NA,NA,3558,26.5,Feild and Balun 2008,Tropical rainforest,145.6833333,-5.133333333,NA,NA,,
gonocaryum,Liana,0.000175,4.59504,2.625737143,NA,NA,NA,NA,NA,NA,NA,NA,3558,26.5,Feild and Balun 2008,Tropical rainforest,145.6833333,-5.133333333,NA,NA,,
hibiscus,Tree,0.00041,9.2,2.243902439,NA,NA,NA,NA,NA,NA,NA,NA,3558,26.5,Feild and Balun 2008,Tropical rainforest,145.6833333,-5.133333333,NA,NA,,
homalanthus novoguineensis,Tree,0.00032,3.87,1.209375,NA,NA,NA,NA,NA,NA,NA,NA,3558,26.5,Feild and Balun 2008,Tropical rainforest,145.6833333,-5.133333333,NA,NA,,
horsfieldia,Tree,0.000188,1.45455,0.773696809,NA,NA,NA,NA,NA,NA,NA,NA,3558,26.5,Feild and Balun 2008,Tropical rainforest,145.6833333,-5.133333333,NA,NA,,
kleinhovia hospita,Tree,0.0004445,8.2,1.844769404,NA,NA,NA,NA,NA,NA,0.428666667,NA,3558,26.5,Feild and Balun 2008,Tropical rainforest,145.6833333,-5.133333333,NA,NA,,
piper betle,Liana,8.50E-05,1.05785,1.244529412,NA,NA,NA,NA,NA,NA,NA,NA,3558,26.5,Feild and Balun 2008,Tropical rainforest,145.6833333,-5.133333333,NA,NA,,
podocarpus neriifolius,Tree,0.000125,0.45,0.36,NA,NA,NA,NA,NA,NA,0.476875,NA,3558,26.5,Feild and Balun 2008,Tropical rainforest,145.6833333,-5.133333333,NA,NA,,
tinospora,Liana,0.000235,10.1488,4.318638298,NA,NA,NA,NA,NA,NA,NA,NA,3558,26.5,Feild and Balun 2008,Tropical rainforest,145.6833333,-5.133333333,NA,NA,,
trema orientalis,Tree,0.00024,5.87,2.445833333,NA,NA,NA,NA,NA,NA,0.345333333,10.47128548,3558,26.5,Feild and Balun 2008,Tropical rainforest,145.6833333,-5.133333333,NA,NA,,
trichospermum pleiostigma,Tree,0.000297,7.66942,2.582296296,NA,NA,NA,NA,NA,NA,NA,NA,3558,26.5,Feild and Balun 2008,Tropical rainforest,145.6833333,-5.133333333,NA,NA,,
ardisia palmana,Tree,0.00062,0.23,0.037096774,NA,NA,NA,NA,NA,NA,NA,NA,3000,17.2,Feild and Holbrook 2000,Tropical rainforest,-84.7,10.2,NA,NA,,
clusia stenophylla,Tree,0.00013,0.12,0.092307692,NA,NA,NA,NA,NA,NA,NA,3.801893963,3000,17.2,Feild and Holbrook 2000,Tropical rainforest,-84.7,10.2,NA,NA,,
cosmibuena valerioi,Tree,0.00041,0.39,0.095121951,NA,NA,NA,NA,NA,NA,NA,NA,3000,17.2,Feild and Holbrook 2000,Tropical rainforest,-84.7,10.2,NA,NA,,
dendropanax latilobus,Tree,0.00062,0.64,0.103225806,NA,NA,NA,NA,NA,NA,NA,NA,3000,17.2,Feild and Holbrook 2000,Tropical rainforest,-84.7,10.2,NA,NA,,
drimys granadensis,Tree,0.00033,0.39,0.118181818,NA,NA,NA,NA,NA,NA,NA,NA,3000,17.2,Feild and Holbrook 2000,Tropical rainforest,-84.7,10.2,NA,NA,,
miconia,Tree,0.00045,0.51,0.113333333,NA,NA,NA,NA,NA,NA,NA,NA,3000,17.2,Feild and Holbrook 2000,Tropical rainforest,-84.7,10.2,NA,NA,,
oreopanax nubigenus,Tree,0.00026,0.48,0.184615385,NA,NA,NA,NA,NA,NA,NA,NA,3000,17.2,Feild and Holbrook 2000,Tropical rainforest,-84.7,10.2,NA,NA,,
schefflera pittieri,Tree,0.00063,0.65,0.103174603,NA,NA,NA,NA,NA,NA,NA,NA,3000,17.2,Feild and Holbrook 2000,Tropical rainforest,-84.7,10.2,NA,NA,,
austrobaileya scandens,Liana,0.00018,2.3,1.277777778,NA,NA,NA,NA,NA,NA,NA,NA,3000,22.35166667,Feild et al. 2003,Tropical rainforest,145.5833333,-17.53333333,NA,NA,,
illicium floridanum,Tree,NA,0.4,NA,NA,NA,NA,NA,NA,NA,0.575,11.78,1490,16.2,Feild et al. 2009,Tropical rainforest,-83.59333333,35.12611111,NA,NA,,
schisandra glabra,Liana,NA,2.3,NA,NA,-0.8,NA,NA,NA,NA,0.329,22.88,1490,16.2,Feild et al. 2009,Tropical rainforest,-83.59333333,35.12611111,Centrifugation,NA,,
adenocalymma inundatum,Liana,NA,2.5,NA,NA,NA,NA,NA,NA,NA,0.57,NA,748,26.691,Gartner et al. 1990,Tropical seasonal forest,-105.05,19.5,NA,NA,,
aristolochia taliscana,Liana,NA,45,NA,NA,NA,NA,NA,NA,NA,0.23,NA,748,26.691,Gartner et al. 1990,Tropical seasonal forest,-105.05,19.5,NA,NA,,
caesalpinia eriostachys,Tree,NA,1.7,NA,NA,NA,NA,NA,NA,NA,0.7,NA,748,26.691,Gartner et al. 1990,Tropical seasonal forest,-105.05,19.5,NA,NA,,
capparis indica,Tree,NA,0.9,NA,NA,NA,NA,NA,NA,NA,0.56,NA,748,26.691,Gartner et al. 1990,Tropical seasonal forest,-105.05,19.5,NA,NA,,
cnidoscolus spinosus,Tree,NA,3,NA,NA,NA,NA,NA,NA,NA,0.31,NA,748,26.691,Gartner et al. 1990,Tropical seasonal forest,-105.05,19.5,NA,NA,,
combretum fruticosum,Liana,NA,18,NA,NA,NA,NA,NA,NA,NA,0.635,11.48153621,748,26.691,Gartner et al. 1990,Tropical seasonal forest,-105.05,19.5,NA,NA,,
cordia alliodora,Tree,NA,2.9,NA,NA,NA,NA,NA,NA,NA,0.59,NA,748,26.691,Gartner et al. 1990,Tropical seasonal forest,-105.05,19.5,NA,NA,,
dieterlea fusiformis,Liana,NA,90,NA,NA,NA,NA,NA,NA,NA,0.27,NA,748,26.691,Gartner et al. 1990,Tropical seasonal forest,-105.05,19.5,NA,NA,,
entada polystachya,Liana,NA,210,NA,NA,NA,NA,NA,NA,NA,0.42,NA,748,26.691,Gartner et al. 1990,Tropical seasonal forest,-105.05,19.5,NA,NA,,
gaudichaudia mcvaughii,Liana,NA,20,NA,NA,NA,NA,NA,NA,NA,0.63,NA,748,26.691,Gartner et al. 1990,Tropical seasonal forest,-105.05,19.5,NA,NA,,
gouania rosei,Liana,NA,110,NA,NA,NA,NA,NA,NA,NA,0.585,NA,748,26.691,Gartner et al. 1990,Tropical seasonal forest,-105.05,19.5,NA,NA,,
guapira,Tree,NA,1.7,NA,NA,NA,NA,NA,NA,NA,0.475,NA,748,26.691,Gartner et al. 1990,Tropical seasonal forest,-105.05,19.5,NA,NA,,
heliocarpus pallidus,Tree,NA,5.5,NA,NA,NA,NA,NA,NA,NA,0.47,NA,748,26.691,Gartner et al. 1990,Tropical seasonal forest,-105.05,19.5,NA,NA,,
ipomoea bracteata,Liana,NA,35,NA,NA,NA,NA,NA,NA,NA,0.34,NA,748,26.691,Gartner et al. 1990,Tropical seasonal forest,-105.05,19.5,NA,NA,,
ipomoea wolcottiana,Tree,NA,2.2,NA,NA,NA,NA,NA,NA,NA,0.605,NA,748,26.691,Gartner et al. 1990,Tropical seasonal forest,-105.05,19.5,NA,NA,,
passiflora juliana,Liana,NA,40,NA,NA,NA,NA,NA,NA,NA,0.44,NA,748,26.691,Gartner et al. 1990,Tropical seasonal forest,-105.05,19.5,NA,NA,,
psidium sartorianum,Tree,NA,1.1,NA,NA,NA,NA,NA,NA,NA,0.725,NA,748,26.691,Gartner et al. 1990,Tropical seasonal forest,-105.05,19.5,NA,NA,,
ruprechtia fusca,Tree,NA,2.4,NA,NA,NA,NA,NA,NA,NA,0.625,NA,748,26.691,Gartner et al. 1990,Tropical seasonal forest,-105.05,19.5,NA,NA,,
serjania brachycarpa,Liana,NA,10,NA,NA,NA,NA,NA,NA,NA,0.66,NA,748,26.691,Gartner et al. 1990,Tropical seasonal forest,-105.05,19.5,NA,NA,,
spondias purpurea,Tree,NA,2.9,NA,NA,NA,NA,NA,NA,NA,0.39,NA,748,26.691,Gartner et al. 1990,Tropical seasonal forest,-105.05,19.5,NA,NA,,
drimys granadensis,Tree,NA,NA,NA,50.66666667,-1.64,-0.85,-2.39,NA,NA,0.454669,NA,4500,23.36033333,Hacke et al. 2007,Tropical rainforest,-84.11666667,10.7,Centrifugation,NA,,
drimys insipida,Tree,NA,NA,NA,28.78787879,-4.68,-4.08,-6,NA,NA,0.554086,NA,3100,20.75966667,Hacke et al. 2007,Tropical rainforest,145.15,-16.31,Centrifugation,NA,,
drimys winteri,Tree,NA,NA,NA,NA,-2.3,NA,NA,NA,NA,0.415,6.27335696,2500,13,Hacke et al. 2007,Tropical rainforest,-71.675,-30.675,Centrifugation,NA,,
zygogynum baillonii,Tree,NA,NA,NA,35.51401869,-3,-2.21,-4.07,NA,NA,NA,NA,1400,18.63366667,Hacke et al. 2007,Tropical seasonal forest,166.468,-22.047,Centrifugation,NA,,
zygogynum bicolor,Tree,NA,NA,NA,40.86021505,-2.3,-2.02,-3.23,NA,NA,NA,NA,1500,19.623,Hacke et al. 2007,Tropical seasonal forest,165.5,-21.37,Centrifugation,NA,,
zygogynum pancheri,Tree,NA,NA,NA,39.58333333,-5.2,-4.11,-6.16,NA,NA,0.627626,NA,1600,20.94266667,Hacke et al. 2007,Tropical rainforest,166.534,-22.166,Centrifugation,NA,,
zygogynum pomiferum,Tree,NA,NA,NA,39.17525773,-3.45,-1.84,-4.42,NA,NA,0.574514,NA,1500,20.883,Hacke et al. 2007,Tropical seasonal forest,165.46,-21.34,Centrifugation,NA,,
zygogynum queenslandianum,Tree,NA,NA,NA,15.96638655,-3.6,-1.37,-5.98,NA,NA,NA,NA,3100,21.79966667,Hacke et al. 2007,Tropical rainforest,145.17,-16.35,Centrifugation,NA,,
zygogynum semecarpoides,Tree,NA,NA,NA,43.18181818,-3.27,-2.25,-4.15,NA,NA,0.408366,NA,2500,23.80633333,Hacke et al. 2007,Tropical rainforest,145.4,-16.08333333,Centrifugation,NA,,
acinodendron pohlianum,Tree,0.001092,4.73,0.433150183,NA,-3.1,NA,NA,-1.42,-0.44,0.53,NA,1500,21,Hao et al. 2008,Tropical seasonal forest,-47.88333333,-15.93333333,Bench dehydration,NA,,
hymenaea martiana,Tree,0.000412,2.94,0.713592233,NA,-2.8,NA,NA,-2.31,-0.66,0.56,NA,1500,21,Hao et al. 2008,Tropical seasonal forest,-47.88333333,-15.93333333,Bench dehydration,NA,,
hymenaea stigonocarpa,Tree,0.000656,3.59,0.547256098,NA,-3.17,NA,NA,-2.13,-0.17,0.72,NA,1500,21,Hao et al. 2008,Tropical seasonal forest,-47.88333333,-15.93333333,Bench dehydration,NA,,
miconia cuspidata,Tree,0.000344,5.37,1.561046512,NA,-3.4,NA,NA,-1.14,-0.53,0.74,NA,1500,21,Hao et al. 2008,Tropical seasonal forest,-47.88333333,-15.93333333,Bench dehydration,NA,,
miconia pohliana,Tree,NA,NA,NA,NA,-3.1,NA,NA,-1.42,NA,NA,NA,1500,21,Hao et al. 2008,Tropical seasonal forest,-47.8833,-15.9333,Bench dehydration,NA,,
myrsine ferruginea,Tree,0.000434,3.25,0.748847926,NA,-3.08,NA,NA,-1.22,-0.6,0.62,NA,1500,21,Hao et al. 2008,Tropical seasonal forest,-47.88333333,-15.93333333,Bench dehydration,NA,,
myrsine guianensis,Tree,0.000384,2,0.520833333,NA,-2.12,NA,NA,-1.5,-0.36,0.52,NA,1500,21,Hao et al. 2008,Tropical seasonal forest,-47.88333333,-15.93333333,Bench dehydration,NA,,
styrax ferrugineus,Tree,0.000487,2.59,0.531827515,NA,-3.35,NA,NA,-1.41,-0.44,0.49,NA,1500,21,Hao et al. 2008,Tropical seasonal forest,-47.88333333,-15.93333333,Bench dehydration,NA,,
styrax pohlii,Tree,0.00069,3.45,0.5,NA,-2,NA,NA,-1.73,-0.7,0.54,NA,1500,21,Hao et al. 2008,Tropical seasonal forest,-47.88333333,-15.93333333,Bench dehydration,NA,,
symplocos lanceolata,Tree,0.000417,1.62,0.388489209,NA,-1.5,NA,NA,-1.18,-0.25,0.38,NA,1500,21,Hao et al. 2008,Tropical seasonal forest,-47.88333333,-15.93333333,Bench dehydration,NA,,
symplocos mosenii,Tree,0.000856,4.78,0.558411215,NA,-1.6,NA,NA,-1.18,-0.27,0.48,NA,1500,21,Hao et al. 2008,Tropical seasonal forest,-47.88333333,-15.93333333,Bench dehydration,NA,,
anacardium excelsum,Tree,0.0051,1.1,0.021568627,NA,-1.45,NA,NA,-0.8,-0.375,0.43,10.83926914,1800,27,Johnson et al. 2013,Tropical rainforest,-79.54694444,8.98561944,Pressure sleeve,0.487,,
prionostemma aspera,Liana,0.0015,0.71,0.047333333,22.57471332,-1.224504709,-0.202058721,-7.420673425,-1.5,-0.4,0.58,NA,1800,27,Johnson et al. 2013,Tropical rainforest,-79.54694444,8.98561944,Pressure sleeve,1.03,,7
trichostigma octandrum,Liana,0.0031,1.58,0.050967742,13.64345398,-2.725377605,-0.713920514,-10.40407573,-1.4,-0.42,0.49,NA,1800,27,Johnson et al. 2013,Tropical rainforest,-79.54694444,8.98561944,Pressure sleeve,0.64,,8
bursera simaruba,Tree,0.00059,NA,NA,38,-0.9,-0.2,-1.9,-1.6,NA,0.305,15.31087462,2600,26.27266667,Lopez et al. 2005,Tropical rainforest,-79.846036,9.166666667,Pressure sleeve,NA,,
carapa guianensis,Tree,3.46E-05,NA,NA,25.33333333,-0.8,-0.18,-2.3,-1.3,NA,0.53,NA,2600,26.27266667,Lopez et al. 2005,Tropical rainforest,-79.846036,9.166666667,Pressure sleeve,NA,,
cordia alliodora,Tree,0.000658,NA,NA,58.46153846,-3.2,-2.4,-3.85,-3.7,NA,0.520307692,NA,2600,26.27266667,Lopez et al. 2005,Tropical rainforest,-79.846036,9.166666667,Pressure sleeve,NA,,
ficus citrifolia,Tree,0.000162,NA,NA,63.33333333,-1.6,-1.1,-2.2,NA,NA,0.4,NA,2600,26.27266667,Lopez et al. 2005,Tropical rainforest,-79.846036,9.166666667,Pressure sleeve,NA,,
prioria copaifera,Tree,6.30E-05,NA,NA,34.54545455,-1.6,-0.8,-2.7,-1.7,NA,0.413571429,NA,2600,26.27266667,Lopez et al. 2005,Tropical rainforest,-79.846036,9.166666667,Pressure sleeve,NA,,
avicennia germinans,Tree,NA,NA,NA,NA,NA,NA,NA,-5.93,-4.56,0.7764,NA,1350,25,Lopez-Portillo et al. 2005,Tropical rainforest,-96.36666667,19.58333333,NA,NA,,
conocarpus erectus,Tree,NA,NA,NA,NA,NA,NA,NA,-2.78,-1.98,0.845,NA,1350,25,Lopez-Portillo et al. 2005,Tropical rainforest,-96.36666667,19.58333333,NA,NA,,
ochroma pyramidale,Tree,0.00114,2.1,0.184210526,95,-1,-0.75,-1.4,-1,-0.1,0.19,NA,2600,26.27266667,Machado and Tyree 1994,Tropical rainforest,-79.846036,9.166666667,Bench dehydration,0.3,,
pseudobombax septenatum,Tree,0.000515,1.6,0.310679612,95,-1,-0.6,-1.4,-0.5,-0.1,0.25,7.762471166,2600,26.27266667,Machado and Tyree 1994,Tropical rainforest,-79.846036,9.166666667,Bench dehydration,0.35,,
anacardium excelsum,Tree,NA,NA,NA,NA,-1.56,NA,NA,-0.74,-0.39,0.39,10.83926914,1800,26.88333333,Meinzer et al. 2003,Tropical seasonal forest,-79.85,9.166666667,Single end air injection,NA,,
cordia alliodora,Tree,NA,NA,NA,NA,-3,NA,NA,-1.37,-0.49,0.52,NA,1800,26.88333333,Meinzer et al. 2003,Tropical seasonal forest,-79.85,9.166666667,Single end air injection,NA,,
ficus insipida,Tree,NA,NA,NA,NA,-1.66,NA,NA,-1.1,-0.46,0.29,NA,1800,26.88333333,Meinzer et al. 2003,Tropical seasonal forest,-79.85,9.166666667,Single end air injection,NA,,
schefflera morototoni,Tree,NA,NA,NA,NA,-1.68,NA,NA,-0.61,-0.33,0.28,NA,1800,26.88333333,Meinzer et al. 2003,Tropical seasonal forest,-79.85,9.166666667,Single end air injection,NA,,
aspidosperma cruenta,Tree,NA,1.556485,NA,NA,NA,NA,NA,NA,NA,NA,NA,3212,26.06,Meinzer et al. 2008,Tropical rainforest,-79.975,9.2833,NA,NA,,
chrysophyllum cainito,Tree,NA,NA,NA,NA,-2.1,-0.4,NA,-1.2,NA,0.655,NA,1800,26.88333333,Meinzer et al. 2008,Tropical seasonal forest,-79.85,9.166666667,Pressure sleeve,NA,,
ficus insipida,Tree,NA,NA,NA,NA,-1.9,-0.5,NA,-1.1,NA,0.376555556,NA,1800,26.88333333,Meinzer et al. 2008,Tropical seasonal forest,-79.85,9.166666667,Pressure sleeve,NA,,
luehea seemannii,Tree,NA,8.761506,NA,NA,NA,NA,NA,NA,NA,0.417,9.66050879,2614,26.54,Meinzer et al. 2008,Tropical seasonal forest,-79.85,9.1667,NA,NA,,
manilkara bidentata,Tree,NA,NA,NA,NA,-2.7,-0.9,NA,-1.5,NA,0.872933333,NA,3100,26.08433333,Meinzer et al. 2008,Tropical rainforest,-79.975,9.283333333,Pressure sleeve,NA,,
protium panamense,Tree,NA,NA,NA,NA,-1.7,-0.2,NA,-0.9,NA,0.452333333,NA,3100,26.08433333,Meinzer et al. 2008,Tropical rainforest,-79.975,9.283333333,Pressure sleeve,NA,,
tachigali versicolor,Tree,NA,NA,NA,NA,-1.6,-0.4,NA,-1.2,NA,0.521,NA,3100,26.08433333,Meinzer et al. 2008,Tropical rainforest,-79.975,9.283333333,Pressure sleeve,NA,,
tapirira guianensis,Tree,NA,NA,NA,NA,-1.8,-0.5,NA,-0.9,NA,0.457,NA,3100,26.08433333,Meinzer et al. 2008,Tropical rainforest,-79.975,9.283333333,Pressure sleeve,NA,,
trattinnickia aspera,Tree,NA,NA,NA,NA,-1.1,-0.2,NA,-0.6,NA,0.424,NA,3100,26.08433333,Meinzer et al. 2008,Tropical rainforest,-79.975,9.283333333,Pressure sleeve,NA,,
vochysia ferruginea,Tree,NA,NA,NA,NA,-1,-0.1,NA,-0.7,NA,0.410166667,NA,3100,26.08433333,Meinzer et al. 2008,Tropical rainforest,-79.975,9.283333333,Pressure sleeve,NA,,
amphipterygium adstringens,Tree,NA,5.36,NA,NA,-0.96,NA,NA,NA,NA,0.48,NA,774,26.23,Mendez-Alonzo et al. 2012,Tropical seasonal forest,-105.05,19.5,Pressure sleeve,1.03,,
apoplanesia paniculata,Tree,NA,0.99,NA,NA,-4.61,NA,NA,NA,NA,0.56,NA,774,26.23,Mendez-Alonzo et al. 2012,Tropical seasonal forest,-105.05,19.5,Pressure sleeve,0.49,,
bursera heteresthes,Tree,NA,10.24,NA,NA,-1.36,NA,NA,NA,NA,0.4,NA,774,26.23,Mendez-Alonzo et al. 2012,Tropical seasonal forest,-105.05,19.5,Pressure sleeve,1.035,,
bursera instabilis,Tree,NA,15.4,NA,NA,-2.54,NA,NA,NA,NA,0.4,NA,774,26.23,Mendez-Alonzo et al. 2012,Tropical seasonal forest,-105.05,19.5,Pressure sleeve,0.6333,,
caesalpinia eriostachys,Tree,NA,4.95,NA,NA,-2.07,NA,NA,NA,NA,0.85,NA,774,26.23,Mendez-Alonzo et al. 2012,Tropical seasonal forest,-105.05,19.5,Pressure sleeve,0.6867,,
caesalpinia sclerocarpa,Tree,NA,2.6,NA,NA,-2.51,NA,NA,NA,NA,0.71,NA,774,26.23,Mendez-Alonzo et al. 2012,Tropical seasonal forest,-105.05,19.5,Pressure sleeve,0.5333,,
cordia alliodora,Tree,NA,1.21,NA,NA,-3.18,NA,NA,NA,NA,0.63,NA,774,26.23,Mendez-Alonzo et al. 2012,Tropical seasonal forest,-105.05,19.5,Pressure sleeve,0.6083,,
cordia elaeagnoides,Tree,NA,1.59,NA,NA,-1.15,NA,NA,NA,NA,0.54,NA,774,26.23,Mendez-Alonzo et al. 2012,Tropical seasonal forest,-105.05,19.5,Pressure sleeve,1.3417,,
esenbeckia nesiotica,Tree,NA,0.43,NA,NA,-4.74,NA,NA,NA,NA,1.06,NA,774,26.23,Mendez-Alonzo et al. 2012,Tropical seasonal forest,-105.05,19.5,Pressure sleeve,0.1656,,
gliricidia sepium,Tree,NA,14.82,NA,NA,-0.85,NA,NA,NA,NA,0.64,NA,774,26.23,Mendez-Alonzo et al. 2012,Tropical seasonal forest,-105.05,19.5,Pressure sleeve,0.6633,,
heliocarpus pallidus,Tree,NA,9.67,NA,NA,-0.66,NA,NA,NA,NA,0.55,NA,774,26.23,Mendez-Alonzo et al. 2012,Tropical seasonal forest,-105.05,19.5,Pressure sleeve,0.6517,,
piptadenia constricta,Tree,NA,1.53,NA,NA,-1.94,NA,NA,NA,NA,0.73,NA,774,26.23,Mendez-Alonzo et al. 2012,Tropical seasonal forest,-105.05,19.5,Pressure sleeve,0.3716,,
eucalyptus miniata,Tree,0.00064,3.13,0.4890625,NA,NA,NA,NA,NA,NA,0.897666667,5.688529308,1672,27.294,Prior and Eamus 2000,Tropical seasonal forest,130.923491,-12.433729,NA,NA,,
eucalyptus tetrodonta,Tree,0.00059,2.5,0.423728814,NA,-6.27,-3.02,NA,NA,-1.36,0.922,4.606099692,1672,27.294,Prior and Eamus 2000,Tropical seasonal forest,130.923491,-12.433729,Bench dehydration,NA,,
corymbia erythrophloia,Tree,NA,NA,NA,NA,-1.64,NA,-3,-2,NA,0.895,NA,684,20.87,Rice et al. 2004,Tropical seasonal forest,146.8833,-20.1,Pressure sleeve,NA,,
aspidosperma desmanthum,Tree,0.0002844,NA,NA,NA,NA,NA,NA,NA,NA,0.7,NA,3100,26.49566667,Santiago et al. 2004,Tropical rainforest,-79.85,9.15,NA,NA,,
chrysophyllum cainito,Tree,0.0006084,NA,NA,NA,NA,NA,NA,NA,NA,0.61,NA,1800,26.88333333,Santiago et al. 2004,Tropical rainforest,-79.85,9.166666667,NA,NA,,
cordia alliodora,Tree,0.0011088,NA,NA,NA,NA,NA,NA,NA,NA,0.47,NA,1800,26.88333333,Santiago et al. 2004,Tropical rainforest,-79.85,9.166666667,NA,NA,,
dussia munda,Tree,0.0006732,NA,NA,NA,NA,NA,NA,NA,NA,0.53,NA,3100,26.49566667,Santiago et al. 2004,Tropical rainforest,-79.85,9.15,NA,NA,,
ficus insipida,Tree,0.0022158,NA,NA,NA,NA,NA,NA,NA,NA,0.34,NA,1800,26.88333333,Santiago et al. 2004,Tropical rainforest,-79.85,9.166666667,NA,NA,,
guatteria dumetorum,Tree,0.0006912,NA,NA,NA,NA,NA,NA,NA,NA,0.42,NA,3100,26.49566667,Santiago et al. 2004,Tropical rainforest,-79.85,9.15,NA,NA,,
humiriastrum diguense,Tree,0.0006138,NA,NA,NA,NA,NA,NA,NA,NA,0.58,NA,3100,26.49566667,Santiago et al. 2004,Tropical rainforest,-79.85,9.15,NA,NA,,
luehea seemannii,Tree,0.0020736,NA,NA,NA,NA,NA,NA,NA,NA,0.33,9.66050879,1800,26.88333333,Santiago et al. 2004,Tropical rainforest,-79.85,9.166666667,NA,NA,,
manilkara bidentata,Tree,0.000567,NA,NA,NA,NA,NA,NA,NA,NA,0.61,NA,3100,26.49566667,Santiago et al. 2004,Tropical rainforest,-79.85,9.15,NA,NA,,
marila laxiflora,Tree,0.0005382,NA,NA,NA,NA,NA,NA,NA,NA,0.48,NA,3100,26.49566667,Santiago et al. 2004,Tropical rainforest,-79.85,9.15,NA,NA,,
miconia minutiflora,Tree,0.001458,NA,NA,NA,NA,NA,NA,NA,NA,0.5,NA,3100,26.49566667,Santiago et al. 2004,Tropical rainforest,-79.85,9.15,NA,NA,,
nectandra purpurascens,Tree,0.0010602,NA,NA,NA,NA,NA,NA,NA,NA,0.55,NA,3100,26.49566667,Santiago et al. 2004,Tropical rainforest,-79.85,9.15,NA,NA,,
ocotea insularis,Tree,0.0008244,NA,NA,NA,NA,NA,NA,NA,NA,0.58,NA,3100,26.49566667,Santiago et al. 2004,Tropical rainforest,-79.85,9.15,NA,NA,,
poulsenia armata,Tree,0.000711,NA,NA,NA,NA,NA,NA,NA,NA,0.43,8.511380382,3100,26.49566667,Santiago et al. 2004,Tropical rainforest,-79.85,9.15,NA,NA,,
pourouma bicolor,Tree,0.0008982,NA,NA,NA,NA,NA,NA,NA,NA,0.45,NA,3100,26.49566667,Santiago et al. 2004,Tropical rainforest,-79.85,9.15,NA,NA,,
simarouba amara,Tree,0.0018432,NA,NA,NA,NA,NA,NA,NA,NA,0.41,NA,3100,26.49566667,Santiago et al. 2004,Tropical rainforest,-79.85,9.15,NA,NA,,
tapirira guianensis,Tree,0.001116,NA,NA,NA,NA,NA,NA,NA,NA,0.43,NA,3100,26.49566667,Santiago et al. 2004,Tropical rainforest,-79.85,9.15,NA,NA,,
trattinnickia aspera,Tree,0.000774,NA,NA,NA,NA,NA,NA,NA,NA,0.57,NA,3100,26.49566667,Santiago et al. 2004,Tropical rainforest,-79.85,9.15,NA,NA,,
virola sebifera,Tree,0.0010944,NA,NA,NA,NA,NA,NA,NA,NA,0.5,NA,3100,26.49566667,Santiago et al. 2004,Tropical rainforest,-79.85,9.15,NA,NA,,
vochysia ferruginea,Tree,0.0016506,NA,NA,NA,NA,NA,NA,NA,NA,0.35,NA,3100,26.49566667,Santiago et al. 2004,Tropical rainforest,-79.85,9.15,NA,NA,,
qualea grandiflora,Tree,NA,NA,NA,NA,NA,NA,NA,-1.55,NA,NA,NA,1500,21,Scholz et al. 2006,Tropical seasonal forest,-47.88333333,-15.93333333,NA,NA,,
blepharocalyx salicifolius,Tree,NA,NA,NA,NA,NA,NA,NA,-1.9,-0.5,0.56,NA,1500,21,Scholz et al. 2007,Tropical seasonal forest,-47.88333333,-15.93333333,NA,NA,,
byrsonima crassa,Tree,NA,NA,NA,NA,NA,NA,NA,-1.7,-0.38,0.53,NA,1500,21,Scholz et al. 2007,Tropical seasonal forest,-47.88333333,-15.93333333,NA,NA,,
caryocar brasiliense,Tree,NA,NA,NA,NA,NA,NA,NA,-1.46,-0.8,0.59,8.511380382,1500,21,Scholz et al. 2007,Tropical seasonal forest,-47.88333333,-15.93333333,NA,NA,,
kielmeyera coriacea,Tree,NA,NA,NA,NA,NA,NA,NA,-2.15,-0.55,0.5,4.897788194,1500,21,Scholz et al. 2007,Tropical seasonal forest,-47.88333333,-15.93333333,NA,NA,,
qualea parviflora,Tree,NA,NA,NA,NA,NA,NA,NA,-1.75,-0.55,0.569,NA,1500,21,Scholz et al. 2007,Tropical seasonal forest,-47.88333333,-15.93333333,NA,NA,,
schefflera macrocarpa,Tree,NA,NA,NA,NA,NA,NA,NA,-1.55,-0.43,0.54,NA,1500,21,Scholz et al. 2007,Tropical seasonal forest,-47.88333333,-15.93333333,NA,NA,,
sclerolobium paniculatum,Tree,NA,NA,NA,NA,NA,NA,NA,-2.25,-0.8,0.62,NA,1500,21,Scholz et al. 2007,Tropical seasonal forest,-47.88333333,-15.93333333,NA,NA,,
vochysia thyrsoidea,Tree,NA,NA,NA,NA,NA,NA,NA,-1.45,NA,0.42,NA,1500,21,Scholz et al. 2007,Tropical seasonal forest,-47.88333333,-15.93333333,NA,NA,,
aspidosperma tomentosum,Tree,0.000398,1.56,0.391959799,NA,NA,NA,NA,-2.01,NA,0.6,6.002,1500,21,Scholz et al. 2008,Tropical seasonal forest,-47.88333333,-15.93333333,NA,NA,,
aspidosperma tomentosum,Tree,0.000915,4.02,0.439344262,NA,NA,NA,NA,-1.23,NA,0.545,7.45,1500,21,Scholz et al. 2008,Tropical seasonal forest,-47.88333333,-15.93333333,NA,NA,,
aspidosperma tomentosum,Tree,0.000909,3.55,0.390539054,NA,NA,NA,NA,-1.2,NA,0.497,7.86,1500,21,Scholz et al. 2008,Tropical seasonal forest,-47.88333333,-15.93333333,NA,NA,,
dalbergia miscolobium,Tree,NA,NA,NA,NA,NA,NA,NA,-2.25,NA,0.636,NA,1500,21,Scholz et al. 2008,Tropical seasonal forest,-47.88333333,-15.93333333,NA,NA,,
dalbergia miscolobium,Tree,NA,NA,NA,NA,NA,NA,NA,-1.85,NA,0.53,NA,1500,21,Scholz et al. 2008,Tropical seasonal forest,-47.88333333,-15.93333333,NA,NA,,
dalbergia miscolobium,Tree,NA,NA,NA,NA,NA,NA,NA,-1.68,NA,0.67,NA,1500,21,Scholz et al. 2008,Tropical seasonal forest,-47.88333333,-15.93333333,NA,NA,,
eriotheca pubescens,Tree,0.000521,2.67,0.512476008,NA,NA,NA,NA,-1.55,NA,0.6,6.002,1500,21,Scholz et al. 2008,Tropical seasonal forest,-47.88333333,-15.93333333,NA,NA,,
eriotheca pubescens,Tree,0.000932,4.33,0.464592275,NA,NA,NA,NA,-1.46,NA,0.54,7.452,1500,21,Scholz et al. 2008,Tropical seasonal forest,-47.88333333,-15.93333333,NA,NA,,
eriotheca pubescens,Tree,0.001408,4.21,0.299005682,NA,NA,NA,NA,-1.26,NA,0.497,7.865,1500,21,Scholz et al. 2008,Tropical seasonal forest,-47.88333333,-15.93333333,NA,NA,,
guapira areolata,Tree,NA,8.1,NA,NA,NA,NA,NA,-1.04,NA,0.46,10.123,1500,21,Scholz et al. 2008,Tropical seasonal forest,-47.88333333,-15.93333333,NA,NA,,
guapira noxia,Tree,0.000845,2.56,0.30295858,NA,NA,NA,NA,-1.32,NA,0.498,7.467,1500,21,Scholz et al. 2008,Tropical seasonal forest,-47.88333333,-15.93333333,NA,NA,,
guapira noxia,Tree,0.00111,3.7,0.333333333,NA,NA,NA,NA,-1.08,NA,0.496,8.108,1500,21,Scholz et al. 2008,Tropical seasonal forest,-47.88333333,-15.93333333,NA,NA,,
guapira noxia,Tree,0.0012,4.8,0.4,NA,NA,NA,NA,-1.04,NA,0.497,8.105,1500,21,Scholz et al. 2008,Tropical seasonal forest,-47.88333333,-15.93333333,NA,NA,,
guarea guidonia,Tree,0.0029,7.7,0.265517241,NA,NA,NA,NA,-0.81,NA,0.467,10.016,1500,21,Scholz et al. 2008,Tropical seasonal forest,-47.88333333,-15.93333333,NA,NA,,
protium,Tree,0.0032,7.4,0.23125,NA,NA,NA,NA,-0.88,NA,0.44,9.92,1500,21,Scholz et al. 2008,Tropical seasonal forest,-47.88333333,-15.93333333,NA,NA,,
qualea grandiflora,Tree,0.000523,0.99,0.189292543,NA,NA,NA,NA,-1.8,NA,0.606,5.747,1500,21,Scholz et al. 2008,Tropical seasonal forest,-47.88333333,-15.93333333,NA,NA,,
qualea grandiflora,Tree,0.000901,2.22,0.246392897,NA,NA,NA,NA,-1.68,NA,0.52,7.2,1500,21,Scholz et al. 2008,Tropical seasonal forest,-47.88333333,-15.93333333,NA,NA,,
qualea grandiflora,Tree,0.000754,2.05,0.271883289,NA,NA,NA,NA,-1.585,NA,0.57,6.15,1500,21,Scholz et al. 2008,Tropical seasonal forest,-47.88333333,-15.93333333,NA,NA,,
curatella americana,Tree,0.000925,NA,NA,55.07246377,-1.48,-0.46,-2.17,-1.35,-0.45,0.39,NA,1276,25.6,Sobrado 1996,Tropical seasonal forest,-66.91666667,9.916666667,Pressure sleeve,NA,,
bourreria cumanensis,Tree,9.95E-05,0.41,0.412060302,NA,-3.82,-1.15,NA,NA,NA,NA,NA,900,24.6,Sobrado 1997,Tropical seasonal forest,-67.05,10.25,Pressure sleeve,NA,,
capparis aristiguetae,Tree,1.58E-05,0.105,0.664556962,10.55555556,-2.45,-0.541,-6.05,NA,NA,NA,6.918309709,900,24.6,Sobrado 1997,Tropical seasonal forest,-67.05,10.25,Pressure sleeve,NA,,
coursetia arborea,Tree,9.19E-05,1.26,1.371055495,10.46831956,-2.42,-0.48,-6.05,NA,NA,NA,26.91534804,900,24.6,Sobrado 1997,Tropical seasonal forest,-67.05,10.25,Pressure sleeve,NA,,
lonchocarpus dipteroneurus,Tree,9.63E-05,0.98,1.017653167,11.37724551,-1.77,-0.375,-5.11,NA,NA,NA,23.98832919,900,24.6,Sobrado 1997,Tropical seasonal forest,-67.05,10.25,Pressure sleeve,NA,,
morisonia americana,Tree,3.47E-05,0.14,0.403458213,10.0795756,-2.39,-1.09,-6.16,NA,NA,0.88,6.760829754,900,24.6,Sobrado 1997,Tropical seasonal forest,-67.05,10.25,Pressure sleeve,NA,,
pithecellobium dulce,Tree,7.06E-05,0.54,0.764872521,8.71559633,-1.65,-0.53,-6.01,NA,NA,0.6835,15.13561248,900,24.6,Sobrado 1997,Tropical seasonal forest,-67.05,10.25,Pressure sleeve,NA,,
rhizophora mangle,Tree,NA,NA,NA,NA,-6.3,NA,NA,NA,NA,0.897714286,NA,1527.5,23.58,Sperry et al. 1988,Tropical seasonal forest,-80.3227,25.549,Bench dehydration,NA,,
cassipourea guianensis,Tree,NA,1.3,NA,NA,-4.8,NA,NA,NA,NA,0.82,NA,2600,26.27266667,Sperry et al. 1988,Tropical rainforest,-79.846036,9.166666667,Bench dehydration,NA,,
austrobaileya scandens,Liana,NA,NA,NA,25.78018996,-0.499,-0.128,-1.973,NA,NA,NA,NA,1520,20.5,Sperry et al. 2007,Tropical rainforest,145.275,-16.55611111,Centrifugation,NA,,
canella winterana,Tree,NA,NA,NA,NA,-0.23,NA,NA,NA,NA,0.95,NA,1295,21.92,Sperry et al. 2007,Tropical seasonal forest,-80.2724,25.6773,Centrifugation,NA,,
galbulimima baccata,Tree,NA,NA,NA,16.53611836,-1.3,-0.302,-3.598,NA,NA,0.5005,NA,1748.7,23.935,Sperry et al. 2007,Tropical rainforest,145.6453611,-16.81972222,Centrifugation,NA,,
hedyosmum goudotianum,Tree,NA,NA,NA,55.47445255,-1.741,-0.418,-2.426,NA,NA,NA,NA,2899,16.78666667,Sperry et al. 2007,Tropical rainforest,-84.79363889,10.31897222,Centrifugation,NA,,
hedyosmum mexicanum,Tree,NA,NA,NA,NA,-0.789,NA,NA,NA,NA,NA,NA,3131.4,13.34166667,Sperry et al. 2007,Tropical rainforest,-84.12533333,10.02511111,Centrifugation,NA,,
idiospermum australiense,Tree,NA,NA,NA,19.48717949,-0.615,-0.128,-2.565,NA,NA,0.65,NA,2241,24.65333333,Sperry et al. 2007,Tropical rainforest,145.750725,-16.89933611,Centrifugation,NA,,
illicium floridanum,Tree,NA,NA,NA,NA,-3.28,NA,NA,NA,NA,NA,NA,1570.4,20.51,Sperry et al. 2007,Tropical seasonal forest,-90.0751,29.9546,Centrifugation,NA,,
schisandra glabra,Liana,NA,NA,NA,41.43947655,-1.056,-0.186,-1.973,NA,NA,NA,NA,1507,15.17133333,Sperry et al. 2007,Tropical rainforest,-83.35402778,34.67344444,Centrifugation,NA,,
trimenia moorei,Liana,NA,NA,NA,52.77777778,-0.383,-0.104,-1.103,NA,NA,NA,NA,1134,13.19,Sperry et al. 2007,Tropical rainforest,152.1239722,-29.24970833,Centrifugation,NA,,
trimenia neocaledonica,Tree,NA,NA,NA,15.66364386,-1.253,-0.174,-3.679,NA,NA,NA,NA,1579,18.44366667,Sperry et al. 2007,Tropical rainforest,165.2923889,-21.18247222,Centrifugation,NA,,
cassipourea guianensis,Tree,NA,NA,NA,19.79166667,-4.68,-1.4,-6.6,NA,NA,0.82,NA,2600,26.27266667,Tyree and Sperry 1989,Tropical rainforest,-79.846036,9.166666667,Bench dehydration,NA,,
schefflera morototoni,Tree,NA,NA,NA,82.60869565,-1.38,-0.98,-1.84,-0.61,NA,0.4559375,NA,2600,26.27266667,Tyree et al. 1991,Tropical rainforest,-79.846036,9.166666667,Bench dehydration,NA,,
agathis borneensis,Tree,NA,NA,NA,NA,-1.91,NA,NA,NA,NA,0.383333333,NA,3000,27.21,Tyree et al. 1998,Tropical rainforest,114.4213,4.5594,Pressure sleeve,NA,,
aglaia glabrata,Tree,NA,NA,NA,NA,-0.71,NA,NA,NA,NA,NA,NA,3000,27.21,Tyree et al. 1998,Tropical rainforest,114.4213,4.5594,Pressure sleeve,NA,,
amyxa pluricornis,Tree,NA,NA,NA,43.67816092,-0.63,NA,-1.5,NA,NA,0.63,NA,3000,27.05266667,Tyree et al. 1998,Tropical rainforest,114.52,4.66,Pressure sleeve,NA,,
canarium caudatum,Tree,NA,NA,NA,NA,-1.47,NA,NA,NA,NA,0.33,NA,3000,27.21,Tyree et al. 1998,Tropical rainforest,114.4213,4.5594,Pressure sleeve,NA,,
cotylelobium burckii,Tree,NA,NA,NA,NA,-0.45,NA,NA,NA,NA,0.815,NA,3000,27.21,Tyree et al. 1998,Tropical rainforest,114.4213,4.5594,Pressure sleeve,NA,,
diospyros brachiata,Tree,NA,NA,NA,74.50980392,-0.42,NA,-0.93,NA,NA,0.54,NA,3000,27.05266667,Tyree et al. 1998,Tropical rainforest,114.52,4.66,Pressure sleeve,NA,,
diospyros hermaphroditica,Tree,NA,NA,NA,NA,-0.6,NA,NA,NA,NA,0.595,NA,3000,27.21,Tyree et al. 1998,Tropical rainforest,114.4213,4.5594,Pressure sleeve,NA,,
diospyros mindanaensis,Tree,NA,NA,NA,105.5555556,-0.79,-0.43,-1.15,NA,NA,0.65,NA,3000,27.05266667,Tyree et al. 1998,Tropical rainforest,114.52,4.66,Pressure sleeve,NA,,
dipterocarpus globosus,Tree,NA,NA,NA,223.5294118,-0.18,-0.01,-0.35,NA,NA,0.7,NA,3000,27.05266667,Tyree et al. 1998,Tropical rainforest,114.52,4.66,Pressure sleeve,NA,,
dryobalanops aromatica,Tree,NA,NA,NA,NA,-0.26,NA,NA,NA,NA,0.68,NA,3000,27.05,Tyree et al. 1998,Tropical rainforest,114.52,4.66,Pressure sleeve,NA,,
dryobalanops sumatrensis,Tree,NA,NA,NA,200,-0.26,-0.07,-0.45,NA,NA,0.65,NA,3000,27.05266667,Tyree et al. 1998,Tropical rainforest,114.52,4.66,Pressure sleeve,NA,,
eugenia ampullaria,Tree,NA,NA,NA,NA,-0.6,NA,NA,NA,NA,NA,NA,3000,27.21,Tyree et al. 1998,Tropical rainforest,114.4213,4.5594,Pressure sleeve,NA,,
eugenia bankensis,Tree,NA,NA,NA,NA,-1.26,NA,NA,NA,NA,NA,NA,3000,27.21,Tyree et al. 1998,Tropical rainforest,114.4213,4.5594,Pressure sleeve,NA,,
eugenia muelleri,Tree,NA,NA,NA,NA,-0.54,NA,NA,NA,NA,0.87,NA,3000,27.21,Tyree et al. 1998,Tropical rainforest,114.4213,4.5594,Pressure sleeve,NA,,
heritiera sumatrana,Tree,NA,NA,NA,43.67816092,-1.69,-0.82,-2.56,NA,NA,0.53,NA,3000,27.05266667,Tyree et al. 1998,Tropical rainforest,114.52,4.66,Pressure sleeve,NA,,
homalium moultonii,Tree,NA,NA,NA,NA,-6.3,NA,NA,NA,NA,NA,NA,3000,27.21,Tyree et al. 1998,Tropical rainforest,114.4213,4.5594,Pressure sleeve,NA,,
isonandra lanceolata,Tree,NA,NA,NA,NA,-0.48,NA,NA,NA,NA,0.93,NA,3000,27.21,Tyree et al. 1998,Tropical rainforest,114.4213,4.5594,Pressure sleeve,NA,,
lophopetalum subobovatum,Tree,NA,NA,NA,70.37037037,-0.59,-0.05,-1.13,NA,NA,0.54,NA,3000,27.05266667,Tyree et al. 1998,Tropical rainforest,114.52,4.66,Pressure sleeve,NA,,
mallotus wrayi,Tree,NA,NA,NA,122.5806452,-0.53,-0.22,-0.84,NA,NA,NA,NA,3000,27.05266667,Tyree et al. 1998,Tropical rainforest,114.52,4.66,Pressure sleeve,NA,,
nephelium lappaceum,Tree,NA,NA,NA,NA,-0.76,NA,NA,NA,NA,0.7102,NA,3000,27.21,Tyree et al. 1998,Tropical rainforest,114.4213,4.5594,Pressure sleeve,NA,,
payena endertii,Tree,NA,NA,NA,74.50980392,-0.63,-0.12,-1.14,NA,NA,0.633333333,NA,3000,27.05266667,Tyree et al. 1998,Tropical rainforest,114.52,4.66,Pressure sleeve,NA,,
pentace adenophora,Tree,NA,NA,NA,165.2173913,-0.19,NA,-0.42,NA,NA,NA,NA,3000,27.05266667,Tyree et al. 1998,Tropical rainforest,114.52,4.66,Pressure sleeve,NA,,
santiria mollis,Tree,NA,NA,NA,92.68292683,-0.2,NA,-0.61,NA,NA,NA,NA,3000,27.05266667,Tyree et al. 1998,Tropical rainforest,114.52,4.66,Pressure sleeve,NA,,
shorea faguetiana,Tree,NA,NA,NA,88.37209302,-0.37,NA,-0.8,NA,NA,0.48,NA,3000,27.05266667,Tyree et al. 1998,Tropical rainforest,114.52,4.66,Pressure sleeve,NA,,
shorea mecistopteryx,Tree,NA,NA,NA,140.7407407,-0.63,-0.36,-0.9,NA,NA,0.426666667,NA,3000,27.05266667,Tyree et al. 1998,Tropical rainforest,114.52,4.66,Pressure sleeve,NA,,
shorea ovalis,Tree,NA,NA,NA,158.3333333,-0.39,-0.15,-0.63,NA,NA,0.43,NA,3000,27.05266667,Tyree et al. 1998,Tropical rainforest,114.52,4.66,Pressure sleeve,NA,,
sindora leiocarpa,Tree,NA,NA,NA,NA,-0.86,NA,NA,NA,NA,0.51,NA,3000,27.21,Tyree et al. 1998,Tropical rainforest,114.4213,4.5594,Pressure sleeve,NA,,
stemonurus umbellatus,Tree,NA,NA,NA,NA,-0.18,NA,NA,NA,NA,0.61,NA,3000,27.21,Tyree et al. 1998,Tropical rainforest,114.4213,4.5594,Pressure sleeve,NA,,
xerospermum laevigatum,Tree,NA,NA,NA,NA,-0.18,NA,NA,NA,NA,0.77,NA,3000,27.21,Tyree et al. 1998,Tropical rainforest,114.4213,4.5594,Pressure sleeve,NA,,
eucalyptus grandis,Tree,NA,NA,NA,NA,-1.31,NA,NA,-1.23,NA,0.662,NA,1057,21.8,Vander Willigen and Pammenter 1998,Tropical seasonal forest,32.1833,-28.4333,Bench dehydration,NA,,
eucalyptus x,Tree,NA,NA,NA,NA,-1.77,NA,-2.7,-1.14,NA,NA,NA,958,21.9,Vander Willigen and Pammenter 1998,Tropical seasonal forest,32.1833,-28.4333,Bench dehydration,NA,,
barringtonia racemosa,Tree,NA,NA,NA,NA,-1.36,NA,NA,NA,NA,0.454,NA,970,19.08,Vander Willigen et al. 2000,Tropical rainforest,31,-29.8833,Bench dehydration,0.45,,
cinnamomum camphora,Tree,NA,NA,NA,NA,-1.24,NA,NA,NA,NA,0.4874,NA,970,19.08,Vander Willigen et al. 2000,Tropical rainforest,31,-29.8833,Bench dehydration,0.3,,
podocarpus latifolius,Tree,NA,NA,NA,NA,-1.74,NA,NA,NA,NA,0.469,3.84591782,970,19.08,Vander Willigen et al. 2000,Tropical rainforest,31,-29.8833,Bench dehydration,NA,,
trichilia dregeana,Tree,NA,NA,NA,NA,-2.66,NA,NA,NA,NA,0.482,NA,970,19.08,Vander Willigen et al. 2000,Tropical rainforest,31,-29.8833,Bench dehydration,0.3,,
sclerolobium paniculatum,Tree,0.00088,4.2,0.477272727,NA,-3.4,-3.09,-3.65,-1.85,-0.4,0.65,5.555,1500,21,Zhang et al. 2009,Tropical seasonal forest,-47.88333333,-15.93333333,Bench dehydration,0.57,,
sclerolobium paniculatum,Tree,0.00083,3.6,0.43373494,NA,-3.2,-2.79,-3.55,-1.8,-0.4,0.67,5,1500,21,Zhang et al. 2009,Tropical seasonal forest,-47.88333333,-15.93333333,Bench dehydration,0.57,,
sclerolobium paniculatum,Tree,0.0011,6,0.545454545,NA,-3.4,-2.61,-4.51,-1.75,-0.4,0.59,5.405,1500,21,Zhang et al. 2009,Tropical seasonal forest,-47.88333333,-15.93333333,Bench dehydration,0.57,,
sclerolobium paniculatum,Tree,NA,NA,NA,NA,-3.4,NA,-4.51,-1.75,NA,NA,NA,1500,21,Zhang et al. 2009,Tropical seasonal forest,-47.8833,-15.9333,Bench dehydration,0.57,,
baccaurea ramiflora,Tree,0.00037,0.74,0.2,NA,-2.1,NA,NA,-0.54,-0.16,0.56,NA,1379,21.4,Zhu and Cao 2009,Tropical rainforest,101.7666667,21.9,Bench dehydration,NA,Wet season,
baccaurea ramiflora,Tree,0.00037,0.74,0.2,NA,-2.1,NA,NA,-1.2,-0.4,0.56,NA,1379,21.4,Zhu and Cao 2009,Tropical rainforest,101.7666667,21.9,Bench dehydration,NA,Dry season,
bauhinia variegate,Tree,0.000633,2.07,0.327014218,NA,-1.6,NA,NA,-0.76,-0.26,0.51,NA,1379,21.4,Zhu and Cao 2009,Tropical rainforest,101.7666667,21.9,Bench dehydration,NA,Wet season,
bauhinia variegate,Tree,0.000633,2.07,0.327014218,NA,-1.6,NA,NA,-1.71,-0.79,0.51,NA,1379,21.4,Zhu and Cao 2009,Tropical rainforest,101.7666667,21.9,Bench dehydration,NA,Dry season,
quisqualis indica,Liana,0.000444,3.07,0.691441441,27.30180009,-1.329864697,-0.264848753,-3.866347204,-0.97,-0.26,0.5,24.54708916,1379,21.4,Zhu and Cao 2009,Tropical rainforest,101.7666667,21.9,Bench dehydration,NA,Wet season,26
quisqualis indica,Liana,0.000444,3.07,0.691441441,27.30180009,-1.329864697,-0.264848753,-3.866347204,-1.48,-0.34,0.5,24.54708916,1379,21.4,Zhu and Cao 2009,Tropical rainforest,101.7666667,21.9,Bench dehydration,NA,Dry season,26
syzygium szemaoense,Tree,0.000533,1.64,0.307692308,NA,-2,NA,NA,-0.73,-0.27,0.52,NA,1379,21.4,Zhu and Cao 2009,Tropical rainforest,101.7666667,21.9,Bench dehydration,NA,Wet season,
syzygium szemaoense,Tree,0.000533,1.64,0.307692308,NA,-2,NA,NA,-1.35,-0.34,0.52,NA,1379,21.4,Zhu and Cao 2009,Tropical rainforest,101.7666667,21.9,Bench dehydration,NA,Dry season,
millettia pachycarpa,Liana,0.000377,3.13,0.830238727,36.45600754,-1.324945225,-0.041379764,-2.691270215,-0.63,-0.2,0.49,9.85,1379,21.4,Zhu and Cao 2009,Tropical rainforest,101.7666667,21.9,Bench dehydration,NA,Wet season,25
millettia pachycarpa,Liana,0.000377,3.13,0.830238727,36.45600754,-1.324945225,-0.041379764,-2.691270215,-1.29,-0.23,0.49,9.85,1379,21.4,Zhu and Cao 2009,Tropical rainforest,101.7666667,21.9,Bench dehydration,NA,Dry season,25
combretum latifolium,Liana,0.000483,3.14,0.65010352,29.22651324,-1.118725076,-0.186427767,-3.659391244,-0.51,-0.26,0.46,7.43,1379,21.4,Zhu and Cao 2009,Tropical rainforest,101.7666667,21.9,Bench dehydration,NA,Wet season,24
combretum latifolium,Liana,0.000483,3.14,0.65010352,29.22651324,-1.118725076,-0.186427767,-3.659391244,-1.28,-0.41,0.46,7.43,1379,21.4,Zhu and Cao 2009,Tropical rainforest,101.7666667,21.9,Bench dehydration,NA,Dry season,24
alphonsea monogyna,Tree,0.000391,3.47,0.887468031,NA,-1.9,NA,NA,NA,NA,0.6,NA,1600,22.7,Zhu et al. 2017,Tropical rainforest,101.7666667,21.9,Pressure sleeve,0.36,,
bauhinia purpurea,Tree,0.00098,11.79,1.203061224,NA,-1.3,NA,NA,NA,NA,0.42,NA,1600,22.7,Zhu et al. 2017,Tropical rainforest,101.7666667,21.9,Pressure sleeve,0.95,,
bauhinia tenuiflora,Liana,0.00123,92.13,7.490243902,NA,-2.1,NA,NA,NA,NA,0.35,NA,1600,22.7,Zhu et al. 2017,Tropical rainforest,101.7666667,21.9,Pressure sleeve,2.91,,
bauhinia touranensis,Liana,0.001072,104.5,9.748134328,NA,-2.2,NA,NA,NA,NA,0.33,NA,1600,22.7,Zhu et al. 2017,Tropical rainforest,101.7666667,21.9,Pressure sleeve,3.08,,
bauhinia variegate,Tree,0.001059,10.58,0.999055713,NA,-1.2,NA,NA,NA,NA,0.44,NA,1600,22.7,Zhu et al. 2017,Tropical rainforest,101.7666667,21.9,Pressure sleeve,0.83,,
bischofia javanica,Tree,0.000533,7.89,1.480300188,NA,-1.2,NA,NA,NA,NA,0.44,NA,1600,22.7,Zhu et al. 2017,Tropical rainforest,101.7666667,21.9,Pressure sleeve,0.85,,
byttneria integrifolia,Liana,0.000778,10.57,1.358611825,NA,-0.9,NA,NA,NA,NA,0.37,NA,1600,22.7,Zhu et al. 2017,Tropical rainforest,101.7666667,21.9,Pressure sleeve,1.58,,
castanopsisndica,Tree,0.000371,4.45,1.199460916,NA,-1.3,NA,NA,NA,NA,0.47,NA,1600,22.7,Zhu et al. 2017,Tropical rainforest,101.7666667,21.9,Pressure sleeve,0.58,,
celtis philippensis,Tree,0.000534,3.45,0.646067416,NA,-2.1,NA,NA,NA,NA,0.62,NA,1600,22.7,Zhu et al. 2017,Tropical rainforest,101.7666667,21.9,Pressure sleeve,0.83,,
cipadessa baccifera,Tree,0.000468,3.89,0.831196581,NA,-2.3,NA,NA,NA,NA,0.61,NA,1600,22.7,Zhu et al. 2017,Tropical rainforest,101.7666667,21.9,Pressure sleeve,0.61,,
cleistanthus sumatranus,Tree,0.000169,1.57,0.928994083,NA,-3.4,NA,NA,NA,NA,0.71,NA,1600,22.7,Zhu et al. 2017,Tropical rainforest,101.7666667,21.9,Pressure sleeve,0.36,,
combretum latifolium,Liana,0.000447,4.52,1.011185682,NA,-1.5,NA,NA,NA,NA,0.53,NA,1600,22.7,Zhu et al. 2017,Tropical rainforest,101.7666667,21.9,Pressure sleeve,1.09,,
croton crassifolius,Tree,0.000438,4.07,0.929223744,NA,-1.6,NA,NA,NA,NA,0.63,NA,1600,22.7,Zhu et al. 2017,Tropical rainforest,101.7666667,21.9,Pressure sleeve,0.41,,
lagerstroemia tomentosa,Tree,0.000985,7.74,0.785786802,NA,-1.4,NA,NA,NA,NA,0.61,NA,1600,22.7,Zhu et al. 2017,Tropical rainforest,101.7666667,21.9,Pressure sleeve,0.91,,
lasiococca comberi,Tree,0.000223,2.12,0.950672646,NA,-2,NA,NA,NA,NA,0.69,NA,1600,22.7,Zhu et al. 2017,Tropical rainforest,101.7666667,21.9,Pressure sleeve,0.29,,
millettia cubitti,Tree,0.000777,7.73,0.994851995,NA,-1.1,NA,NA,NA,NA,0.53,NA,1600,22.7,Zhu et al. 2017,Tropical rainforest,101.7666667,21.9,Pressure sleeve,0.49,,
millettia leptobotrya,Tree,0.000236,4.61,1.953389831,NA,-1.6,NA,NA,NA,NA,0.63,NA,1600,22.7,Zhu et al. 2017,Tropical rainforest,101.7666667,21.9,Pressure sleeve,0.69,,
millettia pachycarpa,Liana,0.000651,11.51,1.768049155,NA,-1.1,NA,NA,NA,NA,0.51,NA,1600,22.7,Zhu et al. 2017,Tropical rainforest,101.7666667,21.9,Pressure sleeve,1.5,,
pistacia weinmannifolia,Tree,0.000387,2.01,0.519379845,NA,-4.1,NA,NA,NA,NA,0.72,NA,1600,22.7,Zhu et al. 2017,Tropical rainforest,101.7666667,21.9,Pressure sleeve,0.28,,
syzygium cumini,Tree,0.000603,6.15,1.019900498,NA,-1.2,NA,NA,NA,NA,0.61,7.413102413,1600,22.7,Zhu et al. 2017,Tropical rainforest,101.7666667,21.9,Pressure sleeve,0.84,,
syzygium latilimbum,Tree,0.000416,4.57,1.098557692,NA,-2,NA,NA,NA,NA,0.64,NA,1600,22.7,Zhu et al. 2017,Tropical rainforest,101.7666667,21.9,Pressure sleeve,0.67,,
syzygium szemaoense,Tree,0.000697,8.06,1.156384505,NA,-1.3,NA,NA,NA,NA,0.53,NA,1600,22.7,Zhu et al. 2017,Tropical rainforest,101.7666667,21.9,Pressure sleeve,0.86,,
turpinia pomifera,Tree,0.000501,2.73,0.54491018,NA,-2.2,NA,NA,NA,NA,0.58,NA,1600,22.7,Zhu et al. 2017,Tropical rainforest,101.7666667,21.9,Pressure sleeve,0.89,,
uncaria macrophylla,Liana,0.000748,12.38,1.655080214,NA,-1,NA,NA,NA,NA,0.41,NA,1600,22.7,Zhu et al. 2017,Tropical rainforest,101.7666667,21.9,Pressure sleeve,1.37,,
ventilago calyculata,Liana,0.00045,5.14,1.142222222,NA,-1.3,NA,NA,NA,NA,0.55,NA,1600,22.7,Zhu et al. 2017,Tropical rainforest,101.7666667,21.9,Pressure sleeve,0.95,,
cordia alliodora,Tree,NA,NA,NA,58.46153846,-3.2,-2.4,-3.85,-3.7,NA,0.520307692,NA,2600,26.27266667,Zotz et al. 1994,Tropical rainforest,-79.846036,9.166666667,Pressure sleeve,NA,,
ficus citrifolia,Tree,NA,NA,NA,63.33333333,-1.6,-1.1,-2.2,NA,NA,0.4,NA,2600,26.27266667,Zotz et al. 1994,Tropical rainforest,-79.846036,9.166666667,Pressure sleeve,NA,,
ouratea lucens,Tree,NA,NA,NA,14.07407407,-1.8,-0.5,-4.5,NA,NA,NA,NA,2600,26.27266667,Zotz et al. 1994,Tropical rainforest,-79.846036,9.166666667,Pressure sleeve,NA,,
annona glabra,Tree,0.0018,9.1,0.505555556,18.0952381,-3.3,-0.01,-5.4,-1.2,-1,0.51,10.27,2600,26.27266667,Zotz et al. 1997,Tropical rainforest,-79.846036,9.166666667,Pressure sleeve,0.52,,
alseis blackiana,Tree,0.000670722,4.0426,0.602723632,14.17986293,-3.074643425,0.806201132,7.576573901,NA,NA,0.57106,15.2912,2400,26.4,Van der Sande et al. 2013,Tropical rainforest,-79.11666667,9.16666667,Pressure sleeve,0.676348,,
callichlamys latifolia,Liana,0.001364626,5.0818984,0.372402285,40.6943927,-0.747310291,-0.143275528,-4.175212572,NA,NA,0.49454,23.358484,2400,26.4,Van der Sande et al. 2013,Tropical rainforest,-79.11666667,9.16666667,Pressure sleeve,0.369,,16
clitoria javitensis,Liana,0.000794415,7.586531,0.954983833,31.27295165,-1.353924864,-0.338991104,-4.057596769,NA,NA,0.38452,29.374302,2400,26.4,Van der Sande et al. 2013,Tropical rainforest,-79.11666667,9.16666667,Pressure sleeve,0.7766,,17
combretum decandrum,Liana,0.002318084,23.924458,1.032078904,77.60252853,-0.631700679,-0.186257971,-2.186745551,NA,NA,0.4268,18.5628,2400,26.4,Van der Sande et al. 2013,Tropical rainforest,-79.11666667,9.16666667,Pressure sleeve,1.424899,,
croton billbergianus,Tree,0.001325324,8.0085376,0.604270262,71.35798787,-0.434398757,-0.08519533,-2.09424,NA,NA,0.44668,26.769148,2400,26.4,Van der Sande et al. 2013,Tropical rainforest,-79.11666667,9.16666667,Pressure sleeve,0.6222,,
doliocarpus dentatus,Liana,0.001508987,12.1000474,0.801865795,33.07174174,-1.906010611,-0.629431155,-4.244302271,NA,NA,0.25572,20.131234,2400,26.4,Van der Sande et al. 2013,Tropical rainforest,-79.11666667,9.16666667,Pressure sleeve,0.89864,,
erythrina costaricensis,Tree,0.001207007,6.6344588,0.54966209,40.97292312,-1.359056703,-0.421191085,-4.245124607,NA,NA,0.30128,36.78721,2400,26.4,Van der Sande et al. 2013,Tropical rainforest,-79.11666667,9.16666667,Pressure sleeve,0.8854,,
eugenia nesiotica,Tree,0.000917559,5.8039816,0.632546012,30.05014163,-1.435378143,-0.377948376,-4.320348018,NA,NA,0.47282,21.091442,2400,26.4,Van der Sande et al. 2013,Tropical rainforest,-79.11666667,9.16666667,Pressure sleeve,1.336475,,
faramea occidentalis,Tree,0.000191062,1.27166,0.665573132,11.26112425,-3.996514316,-1.057204886,-9.68699276,NA,NA,0.5132833,18.856968,2400,26.4,Van der Sande et al. 2013,Tropical rainforest,-79.11666667,9.16666667,Pressure sleeve,0.714,,
gustavia superba,Tree,0.000303322,1.093745,0.360588747,50.55533823,-1.598452836,-0.398071063,-4.234253838,NA,NA,0.39436,16.345402,2400,26.4,Van der Sande et al. 2013,Tropical rainforest,-79.11666667,9.16666667,Pressure sleeve,0.96455,,
inga vera,Tree,0.000285028,1.8498364,0.649002553,17.63828247,-4.495364579,-1.828732051,-7.390380026,NA,NA,0.45516,19.40248,2400,26.4,Van der Sande et al. 2013,Tropical rainforest,-79.11666667,9.16666667,Pressure sleeve,0.7126,,
luehea seemannii,Tree,0.001437552,8.04222,0.559438546,39.81884936,-2.027483016,-0.843607486,-3.729938992,NA,NA,0.4074,19.5426,2400,26.4,Van der Sande et al. 2013,Tropical rainforest,-79.11666667,9.16666667,Pressure sleeve,0.8622,,
machaerium seemannii,Liana,0.00061746,1.7915564,0.290149386,44.37300969,-1.558620518,-0.516468836,-3.728965014,NA,NA,0.5623,22.347473,2400,26.4,Van der Sande et al. 2013,Tropical rainforest,-79.11666667,9.16666667,Pressure sleeve,0.3746,,18
maripa panamensis,Liana,0.003659,33.728,0.921781908,110,-0.285,NA,NA,NA,NA,0.33134,18.758,2400,26.4,Van der Sande et al. 2013,Tropical rainforest,-79.11666667,9.16666667,Pressure sleeve,0.3746,,19
miconia argentea,Tree,0.000471854,2.1880484,0.463713013,59.04399617,-0.779175224,-0.22215745,-2.16441322,NA,NA,0.58236,15.231692,2400,26.4,Van der Sande et al. 2013,Tropical rainforest,-79.11666667,9.16666667,Pressure sleeve,0.6976,,
mikania leiostachya,Liana,0.00037304,1.9492932,0.522542116,41.42418335,-1.122995389,-0.319479707,-2.631393603,NA,NA,0.57368,27.49207,2400,26.4,Van der Sande et al. 2013,Tropical rainforest,-79.11666667,9.16666667,Pressure sleeve,1.127,,
paullinia glomerulosa,Liana,0.000221065,0.7706906,0.348625926,140.7659908,-0.370165361,-0.168163512,-0.832444039,NA,NA,0.83324,31.10073,2400,26.4,Van der Sande et al. 2013,Tropical rainforest,-79.11666667,9.16666667,Pressure sleeve,0.3724,,20
paullinia rugosa,Liana,0.000496245,1.0559849,0.212794899,107.8342515,-0.504885474,-0.193887368,-1.375155633,NA,NA,0.5553571,21.939793,2400,26.4,Van der Sande et al. 2013,Tropical rainforest,-79.11666667,9.16666667,Pressure sleeve,0.297,,21
senna dariensis,Tree,0.000533683,1.373471,0.25735689,27.49481716,-1.572874874,-0.402006964,-4.197847495,NA,NA,0.4301167,44.52742,2400,26.4,Van der Sande et al. 2013,Tropical rainforest,-79.11666667,9.16666667,Pressure sleeve,0.5448333,,
senna undulata,Liana,0.00062287,3.2216196,0.517221496,90.87326029,-0.856556113,-0.333377904,-2.159326901,NA,NA,0.45916,25.691058,2400,26.4,Van der Sande et al. 2013,Tropical rainforest,-79.11666667,9.16666667,Pressure sleeve,0.6372,,22
stizophyllum riparium,Liana,0.002585751,16.90368,0.653724199,60.61058616,-0.75312624,-0.207235009,-1.791958331,NA,NA,0.33184,17.7,2400,26.4,Van der Sande et al. 2013,Tropical rainforest,-79.11666667,9.16666667,Pressure sleeve,1.54924,,
terminalia amazonia,Tree,0.000240593,0.6830346,0.283896762,12.87741815,-3.403316231,-1.056925153,-8.403271368,NA,NA,0.56028,22.059242,2400,26.4,Van der Sande et al. 2013,Tropical rainforest,-79.11666667,9.16666667,Pressure sleeve,0.499065,,
tetracera portobellensis,Liana,0.001858433,14.6900092,0.79045129,30.48864345,-2.29477915,-0.886091192,-5.666007569,NA,NA,0.24256,21.619996,2400,26.4,Van der Sande et al. 2013,Tropical rainforest,-79.11666667,9.16666667,Pressure sleeve,1.0183333,,23
vismia billbergiana,Tree,0.001093299,2.3815075,0.217827588,20.84928618,-2.631534516,-0.938012677,-6.573735959,NA,NA,0.3847167,22.878338,2400,26.4,Van der Sande et al. 2013,Tropical rainforest,-79.11666667,9.16666667,Pressure sleeve,1.2295,,
vitis tiliifolia,Liana,0.00186641,12.48832,0.669109289,46.87688608,-1.900318029,-0.723597128,-4.592023015,NA,NA,0.32576,23.4668,2400,26.4,Van der Sande et al. 2013,Tropical rainforest,-79.11666667,9.16666667,Pressure sleeve,1.37216,,
xylopia macrantha,Tree,0.000460579,1.318958,0.286369797,15.08845143,-2.65370924,-0.748295351,-8.167201075,NA,NA,0.41306,23.18995,2400,26.4,Van der Sande et al. 2013,Tropical rainforest,-79.11666667,9.16666667,Pressure sleeve,0.3284,,
zanthoxylum panamense,Tree,0.000741532,6.8690662,0.926333927,21.27978929,-2.589694304,-0.872962585,-6.262244696,NA,NA,0.4267,23.388837,2400,26.4,Van der Sande et al. 2013,Tropical rainforest,-79.11666667,9.16666667,Pressure sleeve,0.983,,
zuelania guidonia,Tree,0.000475035,5.26524,1.108388975,19.96156217,-3.53941893,-1.473309408,-7.000383586,NA,NA,0.55888,14.590266,2400,26.4,Van der Sande et al. 2013,Tropical rainforest,-79.11666667,9.16666667,Pressure sleeve,0.41244,,
annona spraguei,Tree,0.001241857,7.3408,0.591114663,29.04526549,-2.377684574,-0.82547291,-4.218271663,NA,NA,0.35238,14.225738,3203,25.3,Van der Sande et al. 2019,Tropical rainforest,-79.97451944,9.28111111,Pressure sleeve,0.9888,,
arrabidaea verrucosa,Liana,0.002932888,20.328,0.693105321,84.41295359,-0.565483182,-0.219178216,-1.467108522,NA,NA,0.43558,15.66525,3203,25.3,Van der Sande et al. 2019,Tropical rainforest,-79.97451944,9.28111111,Pressure sleeve,0.89408,,
bauhinia reflexa,Liana,0.00172839,11.80356,0.682922099,26.53955565,-2.272589017,-0.995476635,-5.252560641,NA,NA,0.56488,14.997436,3203,25.3,Van der Sande et al. 2019,Tropical rainforest,-79.97451944,9.28111111,Pressure sleeve,0.77844,,
brosimum utile,Tree,0.001275674,9.11352,0.714408003,22.86722251,-2.065974143,-0.602281603,-4.735436932,NA,NA,0.53688,10.02136,3203,25.3,Van der Sande et al. 2019,Tropical rainforest,-79.97451944,9.28111111,Pressure sleeve,0.66816,,
cecropia obtusifolia,Tree,0.001545671,9.70104,0.62762653,68.20993693,-0.697993285,-0.22344686,-2.178341199,NA,NA,0.28148,20.685776,3203,25.3,Van der Sande et al. 2019,Tropical rainforest,-79.97451944,9.28111111,Pressure sleeve,1.1433,,
coccoloba parimensis,Liana,0.001659997,11.05412,0.665912127,34.21282116,-1.278053705,-0.36661309,-3.615769148,NA,NA,0.5566,14.096034,3203,25.3,Van der Sande et al. 2019,Tropical rainforest,-79.97451944,9.28111111,Pressure sleeve,0.94752,,
davilla nitida,Liana,0.002002968,13.11228,0.654642511,49.6765256,-1.164289965,-0.492595454,-2.930255556,NA,NA,0.52544,12.008316,3203,25.3,Van der Sande et al. 2019,Tropical rainforest,-79.97451944,9.28111111,Pressure sleeve,1.0626,,
doliocarpus multiflorus,Liana,0.001975618,9.65,0.488454851,34.502155,-1.885731875,-0.707960187,-4.213814181,NA,NA,0.57506,6.18227,3203,25.3,Van der Sande et al. 2019,Tropical rainforest,-79.97451944,9.28111111,Pressure sleeve,0.72816,,
machaerium floribundum,Liana,0.002230157,13.27,0.595025426,75.38022544,-1.500001539,-0.60240743,-2.519767154,NA,NA,0.37182,14.609774,3203,25.3,Van der Sande et al. 2019,Tropical rainforest,-79.97451944,9.28111111,Pressure sleeve,1.17612,,
maripa panamensis,Liana,0.003849437,33.41394,0.868021525,49.04766538,-1.439097162,-0.475991128,-3.078145479,NA,NA,0.4315,11.047998,3203,25.3,Van der Sande et al. 2019,Tropical rainforest,-79.97451944,9.28111111,Pressure sleeve,0.91264,,
mendoncia litoralis,Liana,0.003867988,32.45,0.83893754,75.82620795,-1.254980057,-0.510503427,-2.140925512,NA,NA,0.29884,19.80476,3203,25.3,Van der Sande et al. 2019,Tropical rainforest,-79.97451944,9.28111111,Pressure sleeve,1.33848,,
myriocarpa longipes,Tree,0.001724209,11.9952,0.695693004,76.89441033,-0.73995332,-0.360513743,-1.47087142,NA,NA,0.26522,18.1148,3203,25.3,Van der Sande et al. 2019,Tropical rainforest,-79.97451944,9.28111111,Pressure sleeve,0.85888,,
paullinia fibrigera,Liana,0.000946933,7.2828,0.769093159,45.14614488,-1.124682832,-0.38229564,-2.75400926,NA,NA,0.5038,14.243156,3203,25.3,Van der Sande et al. 2019,Tropical rainforest,-79.97451944,9.28111111,Pressure sleeve,0.3451,,
phryganocydia corymbosa,Liana,0.002224635,9.9008,0.445052744,87.12830293,-0.818027061,-0.323827046,-2.177011384,NA,NA,0.50282,8.804576,3203,25.3,Van der Sande et al. 2019,Tropical rainforest,-79.97451944,9.28111111,Pressure sleeve,0.59472,,
piper reticulatum,Tree,0.001710931,8.0422,0.470048124,60.90441931,-0.752099638,-0.223794402,-2.209139861,NA,NA,0.34366,13.902812,3203,25.3,Van der Sande et al. 2019,Tropical rainforest,-79.97451944,9.28111111,Pressure sleeve,0.7488,,
pourouma bicolor,Tree,0.001437636,6.831,0.47515498,34.6898397,-1.240017663,-0.338643123,-3.346093334,NA,NA,0.3469,15.83768,3203,25.3,Van der Sande et al. 2019,Tropical rainforest,-79.97451944,9.28111111,Pressure sleeve,0.6767,,
protium panamense,Tree,0.001689882,8.72496,0.516305994,28.16725218,-1.512397772,-0.380623892,-3.837309796,NA,NA,0.50214,11.547208,3203,25.3,Van der Sande et al. 2019,Tropical rainforest,-79.97451944,9.28111111,Pressure sleeve,0.39292,,
simarouba amara,Tree,0.001624577,6.44182,0.396522959,43.32960464,-0.947587384,-0.22735723,-2.472235839,NA,NA,0.38282,16.1094,3203,25.3,Van der Sande et al. 2019,Tropical rainforest,-79.97451944,9.28111111,Pressure sleeve,0.71994,,
tachigali versicolor,Tree,0.00076449,1.79872,0.235283653,27.72041825,-2.98247997,-1.314584727,-5.504105397,NA,NA,0.58934,10.957978,3203,25.3,Van der Sande et al. 2019,Tropical rainforest,-79.97451944,9.28111111,Pressure sleeve,0.31808,,
tapirira guianensis,Tree,0.001003693,3.3879,0.337543519,25.57114338,-2.855256864,-1.201913337,-6.661594041,NA,NA,0.55584,11.745478,3203,25.3,Van der Sande et al. 2019,Tropical rainforest,-79.97451944,9.28111111,Pressure sleeve,0.43596,,
tontelea ovalifolia,Liana,0.002671877,16.91616,0.633119012,25.75054872,-2.197499672,-0.753836434,-5.731183026,NA,NA,0.42066,12.9952,3203,25.3,Van der Sande et al. 2019,Tropical rainforest,-79.97451944,9.28111111,Pressure sleeve,0.51624,,
virola sebifera,Tree,0.000981601,5.22424,0.532216138,27.73510435,-1.99214399,-0.620229646,-5.38012669,NA,NA,0.4869,10.12885,3203,25.3,Van der Sande et al. 2019,Tropical rainforest,-79.97451944,9.28111111,Pressure sleeve,0.22632,,
